-- phpMyAdmin SQL Dump
-- version 5.2.0
-- https://www.phpmyadmin.net/
--
-- Hôte : 127.0.0.1:3306
-- Généré le : lun. 27 mai 2024 à 12:54
-- Version du serveur : 8.0.31
-- Version de PHP : 8.2.0

SET SQL_MODE = "NO_AUTO_VALUE_ON_ZERO";
START TRANSACTION;
SET time_zone = "+00:00";


/*!40101 SET @OLD_CHARACTER_SET_CLIENT=@@CHARACTER_SET_CLIENT */;
/*!40101 SET @OLD_CHARACTER_SET_RESULTS=@@CHARACTER_SET_RESULTS */;
/*!40101 SET @OLD_COLLATION_CONNECTION=@@COLLATION_CONNECTION */;
/*!40101 SET NAMES utf8mb4 */;

--
-- Base de données : `bdd-web`
--

-- --------------------------------------------------------

--
-- Structure de la table `film`
--

DROP TABLE IF EXISTS `film`;
CREATE TABLE IF NOT EXISTS `film` (
  `id` int NOT NULL AUTO_INCREMENT,
  `original_title` varchar(255) CHARACTER SET utf8mb4 COLLATE utf8mb4_0900_ai_ci NOT NULL,
  `release_date` date NOT NULL,
  `poster_path` varchar(255) CHARACTER SET utf8mb4 COLLATE utf8mb4_0900_ai_ci DEFAULT NULL,
  `duree` int NOT NULL,
  `adult` int NOT NULL,
  `synopsis` text NOT NULL,
  PRIMARY KEY (`id`)
) ENGINE=InnoDB AUTO_INCREMENT=1294042 DEFAULT CHARSET=utf8mb4 COLLATE=utf8mb4_0900_ai_ci;

--
-- Déchargement des données de la table `film`
--

INSERT INTO `film` (`id`, `original_title`, `release_date`, `poster_path`, `duree`, `adult`, `synopsis`) VALUES
(1362, 'Bilbo le hobbit', '1977-11-27', '/2ohvyMPhvjftLrM6S6Ljr6QrL0u.jpg', 77, 0, 'L\'histoire de Bilbon Sacquet, hobbit paisible de la Comté, entrainé malgré lui dans une formidable aventure. Accompagné du magicien Gandalf et de treize nains, il devra récupérer un trésor dérobé par le terrible dragon Smaug...Adapté du roman de J.R.R. Tolkien \"Bilbo le hobbit ou l\'Histoire d\'un aller et retour\" (\"The Hobbit: There and back again\").'),
(1726, 'Iron Man', '2008-04-30', '/egEkFOCl87aHJLkIGXGxzNdpQV3.jpg', 125, 0, 'Tony Stark, inventeur de génie, vendeur d\'armes et playboy milliardaire, est kidnappé. Forcé par ses ravisseurs de fabriquer une arme redoutable, il construit en secret une armure high-tech révolutionnaire qu\'il utilise pour s\'échapper. Comprenant la puissance de cette armure, il décide de l\'améliorer et de l\'utiliser pour faire régner la justice et protéger les innocents.'),
(1771, 'Captain America : First Avenger', '2011-07-22', '/l1SP3gyHA5ZEuf72WKx5ihtZZFO.jpg', 124, 0, '1941, la Seconde Guerre Mondiale fait rage. Après avoir tenté vainement de s\'engager dans l\'armée pour se battre aux côtés des Alliés, Steve Rogers, frêle et timide, se porte volontaire pour participer à un programme expérimental qui va le transformer en un Super Soldat connu sous le nom de Captain America. Sous le commandement du colonel Chester Phillips, il s\'apprête à affronter HYDRA, l\'organisation scientifique secrète des nazis dirigée par le redoutable Crâne Rouge, aux côtés de Bucky Barnes et Peggy Carter...'),
(9320, 'Chapeau melon et Bottes de cuir', '1998-08-13', '/pUEK7gYcadKvnuxdSStjKbsswbQ.jpg', 86, 0, 'Londres 1999. À l\'aube du troisième millénaire, le chaos idéologique est à son comble et l\'avenir de la planète est plutôt sombre. Surtout en Grande-Bretagne où, de mémoire de grenouilles, on n\'avait jamais vu un tel climat : tempêtes de neiges estivales, averses apocalyptiques, sautes de températures vertigineuses. Qui peut être assez puissant pour paniquer ainsi le pays ? C\'est alors qu\'un couple mythique, le plus sophistiqué des sixties, John Steed et Emma Peel, revient sur Terre pour la sauver d\'un péril sans précédent.'),
(10138, 'Iron Man 2', '2010-04-28', '/g9DSeSozGi4zpUyeOYZYMNmIv9O.jpg', 117, 0, 'Le monde sait désormais que l\'inventeur milliardaire Tony Stark et le super-héros Iron Man ne font qu\'un. Malgré la pression du gouvernement, de la presse et du public pour qu\'il partage sa technologie avec l\'armée, Tony n\'est pas disposé à divulguer les secrets de son armure, redoutant que l\'information atterrisse dans de mauvaises mains. Avec Pepper Potts et James \"Rhodey\" Rhodes à ses côtés, Tony va forger de nouvelles alliances et affronter de nouvelles forces toutes-puissantes...'),
(13995, 'Captain America', '1990-12-14', '/vdHrLFfHcJX9nlvUfG3LK2a2hq4.jpg', 97, 0, 'En 1936, le docteur Maria Vaselli vient de mettre au point un sérum capable d\'accroître la vitesse, l\'endurance et la force des soldats. Les nazis vont alors kidnapper Tadzio De Santis pour tester le sérum qui lui inflige des séquelles physiques, amaigrissant son visage et le couvrant d\'une rougeur inguérissable. Quelques années plus tard, un jeune soldat du nom de Steve Rogers se porte volontaire pour une expérience appelée: «Renaissance», qui n\'est autre que le sérum amélioré. Devenant alors le Captain America, il va rencontrer son plus farouche adversaire: Crane Rouge (Redskull) qui n\'est autre que De Santis qui voue une haine totale à l\'humanité. En détournant un missile de sa trajectoire, il tombe dans l\'Océan arctique et est congelé. Revenant à la vie, dans les années 1990, il va devoir réaffronter Crane Rouge, cette fois-ci à la tête d\'une importante société secrète.'),
(14609, 'Les Vengeurs Ultimate', '2006-02-21', '/islbVXGZpJBO9AGVCMkHrJVoQ1C.jpg', 72, 0, 'Enfermé dans la glace depuis 60 ans, le super soldat Captain America est retrouvé par le général Nick Fury qui a besoin de ses compétences de leader pour monter une équipe de super-héros. Malgré leurs différences, les Vengeurs vont désormais travailler ensemble pour contrer une invasion extraterrestre. Mais c\'est sans compter le danger que représente l\'un d\'eux...'),
(14611, 'Les Vengeurs Ultimate 2', '2006-08-08', '/nxz28yn69stI86WeqiPLq2WcNTM.jpg', 73, 0, 'Le retour de l\'équipe Ultimate Avengers avec Thor, Captain America, Iron Man, Nick Fury, Giant-Man, la Guêpe et Hulk. Cette fois ils vont rencontrer La Panthère noire.'),
(14613, 'Next Avengers: Heroes of Tomorrow', '2008-09-02', '/fpG1NDbcLV2a7c8X7LC4FPISBT7.jpg', 71, 0, 'Un groupe de quatre enfants est élevé dans le plus grand secret par un vieil homme vivant caché. James, Henry, Azari, Torunn et Barton ne savent rien de leurs parents. Mais alors qu\'ils grandissent, il n\'est plus possible de leur cacher qu\'ils sont les enfants de vaillants super-héros ayant fait partie des Vengeurs : Giant-Man et La Guêpe mais aussi La Panthère Noire, Captain America, la Veuve Noire, Thor et Œil-de-Faucon. Rapidement, ils comprennent qu\'une machine maléfique les pourchasse : Ultron…'),
(15239, 'The Toxic Avenger', '1984-05-15', '/eB9PHLYk9rrBHwt5Zck87F9IVoR.jpg', 82, 0, 'Après avoir été en contact avec des tonneaux de déchets nucléaires, Melvin se voit doter d\'une force surhumaine et devient The Toxic Avenger, le fameux justicier de Tromaville !'),
(24428, 'Avengers', '2012-04-25', '/ylsAO88v2tF0iXRFojPa0UaAJf1.jpg', 145, 0, 'Lorsque la sécurité et l’équilibre de la planète sont menacés par un ennemi d’un genre nouveau, Nick Fury, le directeur du SHIELD, l’agence internationale du maintien de la paix, réunit une équipe pour empêcher le monde de basculer dans le chaos. Partout sur Terre, le recrutement des nouveaux héros dont le monde a besoin commence…'),
(26965, 'Star Trek : The Captains\' Summit', '2009-04-12', '/5B6B0FOUsLq1RKrskbpxH6Yxfig.jpg', 70, 0, 'Le Sommet des capitaines documente la première fois dans l\'histoire de Star Trek que quatre stars qui à un moment donné ont joué des capitaines dans Star Trek (William Shatner, Patrick Stewart, Leonard Nimoy, Jonathan Frakes) ont été réunies pendant 70 minutes rares et sans précédent événement table ronde. Whoopi Goldberg, star de Star Trek: The Next Generation, accueille l\'événement.'),
(33728, 'Le Combat du capitaine Newman', '1963-12-25', '/jQbFfbSjNkGVa8J7SacR4y3YIUu.jpg', 120, 0, 'Pendant la seconde guerre mondiale, le docteur Josuah Newman dirige un hôpital psychiatrique pour vétérans. Il va ainsi tenter de redonner goût à la vie à ces soldats traumatisés par la guerre.'),
(49051, 'Le Hobbit : Un voyage inattendu', '2012-12-12', '/pIGfpwn0bBKNBmrQigHMiWOzvBF.jpg', 169, 0, 'Dans un voyage inattendu, Bilbon Sacquet cherche à reprendre le Royaume perdu des Nains d\'Erebor, conquis par le redoutable dragon Smaug. Alors qu\'il croise par hasard la route du magicien Gandalf le Gris, Bilbon rejoint une bande de 13 nains dont le chef n\'est autre que le légendaire guerrier Thorin Écu-de-Chêne. Leur périple les conduit au cœur du Pays Sauvage, où ils devront affronter des Gobelins, des Orques, des Ouargues meurtriers, des Araignées géantes, des Métamorphes et des Sorciers… Bien qu\'ils se destinent à mettre le cap sur l\'Est et les terres désertiques du Mont Solitaire, ils doivent d\'abord échapper aux tunnels des Gobelins, où Bilbon rencontre la créature qui changera à jamais le cours de sa vie : Gollum.'),
(57158, 'Le Hobbit : La Désolation de Smaug', '2013-12-11', '/9JPVtscMdWGmOoWxNmc1hGdkxtM.jpg', 161, 0, 'Bilbon Sacquet est entraîné dans une quête épique pour reconquérir le Royaume perdu des Nains d\'Erebor et l\'arracher aux griffes de l\'effroyable dragon Smaug. Accompagné de 13 Nains et du Magicien Gandalf le Gris, Bilbon s\'introduit dans la Montagne Solitaire armé du \'précieux\' anneau de Gollum et de Dard, sa lame affûtée.'),
(63441, 'Masked Avengers', '1981-05-15', '/wXAcYDPZeeH2VsV21pZbViz6qYB.jpg', 92, 0, 'Un gang de tueurs masqués sévit dans la région et terrorise la population. Mais qui se cachent derrière ces masques'),
(70703, 'Star Trek : The Captains', '2011-07-22', '/ex8S1Xypc8NHb2jvI3hZskPyVhh.jpg', 97, 0, 'The Captains est un long métrage documentaire écrit et réalisé par William Shatner. Le film suit Shatner alors qu\'il interviewe les autres acteurs qui ont joué le rôle de capitaines de vaisseau dans l\'illustre franchise de science-fiction.'),
(99457, 'J. R. R. Tolkien\'s The Hobbit', '1967-06-30', '/sm8h3bhCtVe7cGS7yzFuFoiO46G.jpg', 12, 0, ''),
(99861, 'Avengers : L\'Ère d\'Ultron', '2015-04-22', '/5eEp3sPiCfy46BKuaMXDB2djSbd.jpg', 143, 0, 'Alors que Tony Stark tente de relancer un programme de maintien de la paix jusque-là suspendu, les choses tournent mal et les super-héros Iron Man, Captain America, Thor, Hulk, Black Widow et Hawkeye vont devoir à nouveau unir leurs forces pour combattre le plus puissant de leurs adversaires : le terrible Ultron, un être technologique terrifiant qui s’est juré d’éradiquer l’espèce humaine. Afin d’empêcher celui-ci d’accomplir ses sombres desseins, des alliances inattendues se scellent, les entraînant dans une incroyable aventure et une haletante course contre le temps…'),
(100402, 'Captain America : Le Soldat de l\'hiver', '2014-03-20', '/zCkOSBWsKyj7ieV4eR0BqMBFoRF.jpg', 136, 0, 'Après les événements cataclysmiques de New York de The Avengers, Steve Rogers aka Captain America vit tranquillement à Washington, D.C. et essaye de s\'adapter au monde moderne. Mais quand un collègue du S.H.I.E.L.D. est attaqué, Steve se retrouve impliqué dans un réseau d\'intrigues qui met le monde en danger. S\'associant à Black Widow, Captain America lutte pour dénoncer une conspiration grandissante, tout en repoussant des tueurs professionnels envoyés pour le faire taire. Quand l\'étendue du plan maléfique est révélée, Captain America et Black Widow sollicite l\'aide d\'un nouvel allié, le Faucon. Cependant, ils se retrouvent bientôt face à un inattendu et redoutable ennemi - le Soldat de l\'Hiver.'),
(109424, 'Capitaine Phillips', '2013-10-10', '/yitWrzHgQfeFMwvjTJwqX7zQG3z.jpg', 134, 0, 'Capitaine Phillips retrace l’histoire vraie de la prise d’otages du navire de marine marchande américain Maersk Alabama, menée en 2009 par des pirates somaliens. La relation qui s’instaure entre le capitaine Richard Phillips, commandant du bateau, et Muse, le chef des pirates somaliens qui le prend en otage, est au cœur du récit. Les deux hommes sont inévitablement amenés à s’affronter lorsque Muse et son équipe s’attaquent au navire désarmé de Phillips. À plus de 230 kilomètres des côtes somaliennes, les deux camps vont se retrouver à la merci de forces qui les dépassent…'),
(122917, 'Le Hobbit : La Bataille des cinq armées', '2014-12-10', '/h4wjbuC61iMaCqrO3bmGQ3ibuJE.jpg', 144, 0, 'Atteignant enfin la Montagne Solitaire, Thorin et les Nains, aidés par Bilbon le Hobbit, ont réussi à récupérer leur royaume et leur trésor. Ils ont également réveillé le dragon Smaug qui déchaîne désormais sa colère sur les habitants de Lac-ville. À présent, les Nains, les Elfes, les Humains mais aussi les Wrags et les Orques menés par le Nécromancien, convoitent les richesses de la Montagne Solitaire.'),
(150584, 'La Légende des mondes', '2012-11-13', '/avIb5buLjDrHoYWnfE7ub2h3D82.jpg', 87, 0, 'Dans les temps anciens, lorsque la Terre était peuplée de tribus étranges, de créatures fabuleuses et d\'animaux monstrueux, régnaient les terrifiants Javas. Lorsque Goben voit son peuple capturé par la redoutable peuplade, il décide de partir chercher de l\'aide. Il va rencontrer les Humains. L\'amitié entre le jeune Goben et les Humains va transformer à jamais les relations entre les deux peuples...'),
(172418, 'Captain Tsubasa: Saikyou no teki! Holland Youth', '1994-11-14', '/guIoz0TElP6udn9YajiW3ciuL8s.jpg', 47, 0, 'À un an de la Coupe du monde junior, la Fédération japonaise de football organise trois matchs amicaux sur ses terres contre l\'équipe hollandaise réputée comme étant l\'une des meilleures équipes européennes ! Après deux premiers matchs catastrophiques (et surtout de lourdes défaites !), la Fédération fait appel à ses deux joueurs professionnels pour le troisième match, Tsubasa, qui évolue au Brésil, et Wakabayashi, qui lui joue en Allemagne. Pourront-ils venir renforcer l\'équipe japonaise ? Mais surtout aussi remonter le moral de leurs compatriotes qui est au plus bas ?'),
(197481, 'Captain America 2', '1979-11-23', '/4Ard5NF11B3EA2o89Cx6HTNGJCJ.jpg', 83, 0, 'Un agent du gouvernement est à la recherche d\'un scientifique disparu, croyant qu\'un leader révolutionnaire connu sous le nom de Miguel le détient, et qu\'il l\'utilise pour obtenir sa formule pour quelque chose qui peut accélérer le processus de vieillissement. Il envoie Steve Rogers, alias Captain America, pour le retrouver et sauver le scientifique. Sa seule piste est un produit chimique dont le scientifique a besoin pour sa formule. Alors qu\'il se rapproche de la vérité, Miguel menace de pulvériser le produit chimique sur une grande ville si ses exigences ne sont pas satisfaites. Mais le Président ne négocie pas avec les terroristes, Captain America peut-il sauver la situation ?'),
(211047, 'Ска́зочное путеше́ствие ми́стера Би́льбо Бе́ггинса, Хо́ббита, че́рез ди́кий край, чёрный лес, за тума́нные го́ры. Туда́ и обра́тно', '1985-12-31', '/sABLtCez2CshwdihtNpeMkYm2Mt.jpg', 71, 0, ''),
(231900, 'Le Hobbit: La Quête du Cantal', '2013-10-22', '/9gbVLTYj5DPvYLsRH0UcaqatyCP.jpg', 7, 0, 'Parodie de la trilogie du Seigneur des anneaux et du Hobbit destinée à promouvoir le Cantal. Car, c\'est vrai, nos paysages du Cantal ressemblent à s\'y méprendre à ceux de la Terre du Milieu !'),
(257247, 'Le Hobbit : les origines du Cantal', '2014-06-26', '/iW05McoLaZssjcUEDNnmI6n1QIY.jpg', 30, 0, 'Parodie française des séries du hobbit et du seigneur des anneaux...'),
(257346, 'Avengers Confidential : La Veuve Noire et Le Punisher', '2014-04-19', '/sXDNDkiI6gjq6j8aAKHYekpFlAs.jpg', 101, 0, 'Après avoir contrarié une mission top secrète, le Punisher est arrêté par la Veuve Noire au nom du S.H.I.E.L.D. et des Avengers. Obéissant aux ordres de leur directeur, Nick Fury, le Punisher et la Veuve Noire sont alors envoyés en mission pour stopper le Leviathan, une organisation terroriste qui vend au plus offrant de la technologie volée au S.H.I.E.L.D. Dorénavant, le justicier et l’espionne doivent collaborer pour empêcher que cette technologie ne tombe entre les mauvaises mains. Le sort du monde et des Avengers en dépend.'),
(268531, 'Capitaine Superslip', '2017-06-01', '/ixHfHHpqfaj0TMm1VDiHjWMsXmA.jpg', 90, 0, 'Deux jeunes élèves de CM1 créent un comic book, lequel rencontre un franc succès dans la cour d\'école. Mais bien vite, et par accident, leur création, le Captain Underpants prend vie...'),
(271110, 'Captain America : Civil War', '2016-04-27', '/py8Js6LEl10XhUjkoOj6UGRrSFp.jpg', 148, 0, 'Steve Rogers est désormais à la tête des Avengers, dont la mission est de protéger l’humanité. À la suite d’une de leurs interventions qui a causé d’importants dégâts collatéraux, le gouvernement décide de mettre en place un organisme de commandement et de supervision. Cette nouvelle donne provoque une scission au sein de l’équipe : Steve Rogers reste attaché à sa liberté de s’engager sans ingérence gouvernementale, tandis que d’autres se rangent derrière Tony Stark, qui contre toute attente, décide de se soumettre au gouvernement…'),
(299534, 'Avengers : Endgame', '2019-04-24', '/wF7jv3x51hXgkl7t5KHePuRjXc8.jpg', 181, 0, 'Après leur défaite face au Titan Thanos qui dans le film précédent s\'est approprié toutes les pierres du Gant de l\'infini, les Avengers et les Gardiens de la Galaxie ayant survécu à son claquement de doigts qui a pulvérisé « la moitié de toute forme de vie dans l\'Univers », Captain America, Thor, Bruce Banner, Natasha Romanoff, War Machine, Tony Stark, Nébula et Rocket, vont essayer de trouver une solution pour ramener leurs coéquipiers disparus et vaincre Thanos en se faisant aider par Ronin alias Clint Barton, Captain Marvel et Ant-Man.'),
(299536, 'Avengers : Infinity War', '2018-04-25', '/amopQYesMdw4wtMMUhsUtvMUyT6.jpg', 149, 0, 'Les Avengers et leurs alliés devront être prêts à tout sacrifier pour neutraliser le redoutable Thanos avant que son attaque éclair ne conduise à la destruction complète de l’univers.'),
(299537, 'Captain Marvel', '2019-03-06', '/aRJAoQ6mqPHAKXjP3CqNyLC8FAh.jpg', 123, 0, 'Captain Marvel raconte l’histoire de Carol Danvers qui va devenir l’une des super-héroïnes les plus puissantes de l’univers lorsque la Terre se révèle l’enjeu d’une guerre galactique entre deux races extraterrestres.'),
(323660, 'Avengers Grimm', '2015-03-17', '/jsLMAn1Nr6p7V34PRl8iGxaATLq.jpg', 82, 0, 'Quand Rumpelstiltskin détruit le miroir magique et s\'enfuit dans le monde réel, les princesses des contes de fées doivent s\'unir pour l\'affronter... C’est ainsi que Blanche Neige, le Chaperon Rouge, Cendrillon, la Belle au bois dormant et Rapunzel débarquent à Los Angeles afin de sauver le monde et combattre un danger d’une ampleur inimaginable.'),
(325001, 'Captain', '0000-00-00', NULL, 0, 0, ''),
(334533, 'Captain Fantastic', '2016-07-08', '/2sFME73GaD8UsUxPUKe60cPdLif.jpg', 118, 0, 'Dans les forêts reculées du nord-ouest des États-Unis, vivant isolé de la société, un père dévoué a consacré sa vie tout entière à faire de ses six jeunes enfants d’extraordinaires adultes. Mais quand le destin frappe sa famille, ils doivent abandonner ce paradis qu’il avait créé pour eux. La découverte du monde extérieur va l’obliger à questionner ses méthodes d’éducation et remettre en cause tout ce qu’il leur a appris.'),
(347158, 'Bikini Avengers', '2015-02-24', '/ehTYWuPKwl8sXPX0I6LnvJUDaVl.jpg', 81, 0, 'Lorsque l\'impératrice de jade vole les plus gros diamants du monde, les super-héros Bikini Avenger et Thong Girl doivent l\'arrêter avant qu\'elle n\'utilise les pierres précieuses pour construire une dangereuse arme de science-fiction.'),
(347423, 'The Cannibal in the Jungle', '2015-04-27', '/6UVXRYZQfbb1ssFufdanwwYji3Z.jpg', 84, 0, ''),
(357073, 'Le Hobbit : le retour du roi du Cantal', '2015-07-08', '/zzvnyLZjsI6RN5qETxb4YuI4FlN.jpg', 64, 0, 'Le Cantal est attaqué par le Puy de Dôme. Le roi Thorin ne pourra faire face seul… Accompagné de Bilbon le Hobbit et de Gandalf le magicien, il devra parcourir le Cantal à la recherche d\'alliés. Les villageois de Boisset leur viendront-ils en aide ? Le Seigneur de Marcolès se ralliera-t-il à leur cause ? Et de quel côté se situe réellement le Seigneur d\'Aurillac ?'),
(368304, 'LEGO Marvel Super Heroes : Avengers, tous ensemble !', '2015-11-16', '/xUBZNoY7idPfqKZepnDEv7Qc8GC.jpg', 22, 0, 'Tandis que les Avengers (composés de Captain America, Thor, Iron Man, Hulk, la Veuve noire, Œil-de-Faucon et la Vision) se préparent pour une fête dans la tour des Avengers, Captain America remarque qu\'Iron Man s\'est comporté étrangement durant la préparation de la fête. Après avoir mené leur enquête, les Avengers découvrent qu\'Ultron a pris le contrôle de l\'armure d\'Iron Man avec l\'aide de Yellowjacket et prévoit de conquérir le monde.'),
(448052, 'The Hobbit Enigma', '2008-11-04', '/f9hj86UrhjmIKMZuCJKYlgDL91S.jpg', 55, 0, ''),
(467349, 'Hobbit Love Is the Greatest Love', '2007-01-01', NULL, 14, 0, ''),
(475094, 'The Captain : L\'usurpateur', '2018-02-02', '/AsP0fc51kbjGTJkRoXtBtbguP8n.jpg', 118, 0, '1945. Le chaos se répand en Allemagne et les armées du 3e Reich commencent à se déliter. Des escadrons de soldats ivres multiplient les exécutions sommaires, sans différencier déserteurs et fantassins ayant perdu leur unité. L’un de ces infortunés, Willi Herold, manque de peu d’être fusillé et dans sa fuite, il prend l’identité, la vareuse et les médailles d’un officier de la Luftwaffe. En incarnant soudain l’autorité, cette proie devient le prédateur. Après avoir formé sa garde rapprochée, l’usurpateur multiplie à son tour les exactions dans un climat de folie générale.'),
(521720, 'Avengers Grimm: Time Wars', '2018-05-01', '/nNlDEQ4ksXpzpu3M230Yba6zMQv.jpg', 88, 0, 'Quand Rumpelstiltskin tente de prendre possession de la Terre une fois pour toutes, The Avengers Grimm doit le traquer à travers le temps pour le vaincre'),
(538153, 'Avengers of Justice: Farce Wars', '2018-07-20', '/yymsCwKPbJIF1xcl2ih8fl7OxAa.jpg', 88, 0, ''),
(589712, 'The Captain', '2019-09-30', '/uzpmJ7znTKM22py9IMnvWQkOTwG.jpg', 111, 0, 'Le pare-brise du cockpit d\'un avion de ligne se brise à 30 000 pieds d\'altitude au-dessus du plateau tibétain. L\'appareil plonge en basse pression avec une température extérieure de moins 30 à moins 40 degrés Celsius. Le capitaine et son équipage vont tout faire pour assurer la sécurité des passagers et essayer d\'atterrir, malgré une succession d\'avaries et une énorme tempête qui arrive droit devant eux... Le film relate une histoire vraie.'),
(595927, 'Tiny Humans: The Hobbit of Flores', '2010-12-08', '/cQvfpAP0rgmP7qnpErS292sEBjg.jpg', 51, 0, ''),
(651342, 'J.R.R. Tolkien and the Birth of \"The Lord of the Rings\" and \"The Hobbit\"', '2004-12-31', '/jp0NQtIQTwen5vHBNcCK2iLKoY7.jpg', 60, 0, ''),
(731021, 'Хоббит. Сокровища под горой', '1994-08-03', '/9KojSB8tGSraPqdYrUeWPOcvzCr.jpg', 0, 0, ''),
(774358, 'Secrets of Middle-Earth: Inside Tolkien\'s The Hobbit', '2003-12-02', '/qECQm1kfUs03MhVLsRHsQES3dk4.jpg', 51, 0, ''),
(822119, 'Captain America: Brave New World', '2025-02-12', '/c3rh6LCeuqgjyfhif1w5a4pLoTw.jpg', 0, 0, 'Qui reprendra le costume et le célèbre bouclier ? Ce nouvel opus, situé après les événements de la série Falcon & The Winter Soldier, poursuit la passation symbolique du titre de Captain America.'),
(894218, 'Super Hobbit', '2021-07-24', '/wRZu34J5tIo7i197DHVnYdYcnIV.jpg', 16, 0, ''),
(938892, 'Captain', '1994-02-25', NULL, 140, 0, ''),
(940155, 'Captain', '2022-05-21', '/jykaqjUuiA5OibehHSIs1P4UVrA.jpg', 8, 0, ''),
(962074, 'Captain Miller', '2024-01-11', '/blpuCOI2Qz5pmA2yTMJiQ9tEmFb.jpg', 158, 0, 'L\'histoire se déroule dans les années 1930-1940 en Inde britannique et suit un hors-la-loi nommé Miller qui se livre à des pillages sanglants, des braquages et des agressions.'),
(1003596, 'Avengers 5', '2026-04-29', '/6x1jLnQEdscoVgumzo9wVzdp9iA.jpg', 0, 0, 'Un prochain film de la phase 6 du Marvel Cinematic Universe et une part de la Saga du multivers.'),
(1003598, 'Avengers: Secret Wars', '2027-05-05', '/8chwENebfUEJzZ7sMUA0nOgiCKk.jpg', 0, 0, 'Adaptation de Secret Wars de Jim Shooter et un prochain film de la phase 6 du Marvel Cinematic Universe qui conclura la saga du multivers.'),
(1154598, 'LEGO Marvel Avengers: Code Rouge', '2023-10-26', '/zccXTcrsWtOO4dKpCEMiWqFG6Xk.jpg', 46, 0, 'Les Avengers se rassemblent pour sauver New York, mais lorsque Black Widow reproche à son père la façon dont il l’a élevée, ce dernier disparait mystérieusement. Alors que les Avengers enquêtent, ils découvrent que le méchant Collectionneur kidnappe ceux dont le nom fait référence au mot « rouge ». Déterminée à retrouver son père, c\'est maintenant à Black Widow de conduire les Avengers à la recherche du repaire du maléfique Collectionneur et de libérer les prisonniers de ses griffes fatales.'),
(1294041, 'M4\'s The Hobbit Book Edit', '0000-00-00', '/bYaL5kcmFASIQHbg4GMkjaad4Wo.jpg', 255, 0, '');

-- --------------------------------------------------------

--
-- Structure de la table `genre`
--

DROP TABLE IF EXISTS `genre`;
CREATE TABLE IF NOT EXISTS `genre` (
  `id` int NOT NULL AUTO_INCREMENT,
  `genre` varchar(255) NOT NULL,
  PRIMARY KEY (`id`)
) ENGINE=InnoDB AUTO_INCREMENT=10771 DEFAULT CHARSET=utf8mb4 COLLATE=utf8mb4_0900_ai_ci;

--
-- Déchargement des données de la table `genre`
--

INSERT INTO `genre` (`id`, `genre`) VALUES
(12, 'Aventure'),
(14, 'Fantastique'),
(16, 'Animation'),
(18, 'Drame'),
(27, 'Horreur'),
(28, 'Action'),
(35, 'Comédie'),
(36, 'Histoire'),
(53, 'Thriller'),
(80, 'Crime'),
(99, 'Documentaire'),
(878, 'Science-Fiction'),
(10751, 'Familial'),
(10752, 'Guerre'),
(10770, 'Téléfilm');

-- --------------------------------------------------------

--
-- Structure de la table `historique_film`
--

DROP TABLE IF EXISTS `historique_film`;
CREATE TABLE IF NOT EXISTS `historique_film` (
  `id` int NOT NULL AUTO_INCREMENT,
  `id_film` int NOT NULL,
  `date` date NOT NULL,
  PRIMARY KEY (`id`),
  KEY `fk_id_film_historique_film` (`id_film`)
) ENGINE=InnoDB AUTO_INCREMENT=13 DEFAULT CHARSET=utf8mb4 COLLATE=utf8mb4_0900_ai_ci;

--
-- Déchargement des données de la table `historique_film`
--

INSERT INTO `historique_film` (`id`, `id_film`, `date`) VALUES
(12, 299536, '2024-05-27');

-- --------------------------------------------------------

--
-- Structure de la table `historique_user`
--

DROP TABLE IF EXISTS `historique_user`;
CREATE TABLE IF NOT EXISTS `historique_user` (
  `id` int NOT NULL AUTO_INCREMENT,
  `id_user` int NOT NULL,
  `date_heure` datetime NOT NULL DEFAULT CURRENT_TIMESTAMP,
  `id_film` int NOT NULL,
  PRIMARY KEY (`id`),
  KEY `fk_id_film_hioritque_user` (`id_film`),
  KEY `fk_id_user_historique` (`id_user`)
) ENGINE=InnoDB DEFAULT CHARSET=utf8mb4 COLLATE=utf8mb4_0900_ai_ci;

-- --------------------------------------------------------

--
-- Structure de la table `join_film_acteur`
--

DROP TABLE IF EXISTS `join_film_acteur`;
CREATE TABLE IF NOT EXISTS `join_film_acteur` (
  `id_film` int NOT NULL,
  `id_acteur` int NOT NULL,
  `rang` int NOT NULL,
  PRIMARY KEY (`id_film`,`id_acteur`),
  KEY `id_acteur` (`id_acteur`)
) ENGINE=InnoDB DEFAULT CHARSET=utf8mb4 COLLATE=utf8mb4_0900_ai_ci;

--
-- Déchargement des données de la table `join_film_acteur`
--

INSERT INTO `join_film_acteur` (`id_film`, `id_acteur`, `rang`) VALUES
(1362, 863, 0),
(1362, 7393, 6),
(1362, 15869, 9),
(1362, 16413, 4),
(1362, 16417, 7),
(1362, 16420, 3),
(1362, 16421, 2),
(1362, 16422, 8),
(1362, 107069, 10),
(1362, 150739, 12),
(1362, 1577869, 11),
(1726, 1229, 2),
(1726, 2231, 63),
(1726, 3223, 0),
(1726, 6162, 6),
(1726, 7624, 50),
(1726, 9048, 10),
(1726, 12052, 3),
(1726, 12708, 11),
(1726, 15277, 7),
(1726, 17200, 5),
(1726, 17857, 8),
(1726, 18288, 1),
(1726, 27031, 57),
(1726, 34544, 58),
(1726, 40275, 13),
(1726, 54809, 16),
(1726, 57451, 4),
(1726, 57452, 9),
(1726, 62037, 21),
(1726, 62843, 45),
(1726, 78299, 15),
(1726, 90721, 52),
(1726, 95698, 19),
(1726, 104669, 24),
(1726, 109669, 23),
(1726, 133121, 43),
(1726, 142213, 27),
(1726, 150669, 59),
(1726, 163671, 14),
(1726, 169642, 56),
(1726, 169681, 53),
(1726, 173810, 12),
(1726, 181895, 44),
(1726, 183037, 30),
(1726, 183439, 22),
(1726, 195442, 26),
(1726, 203468, 34),
(1726, 204606, 46),
(1726, 205362, 33),
(1726, 205720, 48),
(1726, 206423, 42),
(1726, 210842, 47),
(1726, 214951, 32),
(1726, 939869, 35),
(1726, 944830, 17),
(1726, 1005698, 49),
(1726, 1089759, 62),
(1726, 1209417, 18),
(1726, 1209418, 20),
(1726, 1209419, 25),
(1726, 1209702, 28),
(1726, 1209703, 29),
(1726, 1209704, 31),
(1726, 1209705, 36),
(1726, 1209706, 37),
(1726, 1209707, 38),
(1726, 1209708, 39),
(1726, 1209709, 40),
(1726, 1209710, 41),
(1726, 1209711, 51),
(1726, 1209712, 54),
(1726, 1209713, 55),
(1726, 1209714, 60),
(1726, 1209716, 61),
(1726, 3955051, 64),
(1771, 1331, 2),
(1771, 2176, 1),
(1771, 2203, 7),
(1771, 2231, 14),
(1771, 2283, 13),
(1771, 7624, 55),
(1771, 10207, 20),
(1771, 10701, 26),
(1771, 11180, 23),
(1771, 13014, 6),
(1771, 15543, 8),
(1771, 16828, 0),
(1771, 30315, 12),
(1771, 30710, 10),
(1771, 39459, 3),
(1771, 41561, 11),
(1771, 49365, 41),
(1771, 55470, 5),
(1771, 55583, 15),
(1771, 58502, 18),
(1771, 60898, 4),
(1771, 62892, 40),
(1771, 74289, 54),
(1771, 97505, 51),
(1771, 108620, 35),
(1771, 123496, 31),
(1771, 131814, 16),
(1771, 145161, 9),
(1771, 209578, 46),
(1771, 523533, 50),
(1771, 1047370, 30),
(1771, 1048648, 42),
(1771, 1075144, 25),
(1771, 1080542, 28),
(1771, 1083174, 56),
(1771, 1094667, 17),
(1771, 1104994, 19),
(1771, 1184965, 52),
(1771, 1202386, 37),
(1771, 1211185, 45),
(1771, 1231421, 34),
(1771, 1240693, 53),
(1771, 1261121, 57),
(1771, 1332982, 49),
(1771, 1356645, 21),
(1771, 1387292, 47),
(1771, 1441558, 27),
(1771, 1463197, 43),
(1771, 1502468, 33),
(1771, 1510694, 29),
(1771, 1513012, 39),
(1771, 1533995, 22),
(1771, 1572543, 24),
(1771, 1624444, 48),
(1771, 1635547, 36),
(1771, 1644017, 32),
(1771, 1644028, 38),
(1771, 1644032, 44),
(9320, 139, 1),
(9320, 388, 4),
(9320, 738, 2),
(9320, 1926, 6),
(9320, 2980, 16),
(9320, 5469, 0),
(9320, 8937, 8),
(9320, 10662, 3),
(9320, 10981, 5),
(9320, 20300, 7),
(9320, 22809, 10),
(9320, 37158, 9),
(9320, 118617, 12),
(9320, 141549, 11),
(9320, 141550, 13),
(9320, 141551, 14),
(9320, 142519, 17),
(9320, 1628513, 18),
(9320, 1776385, 15),
(10138, 1245, 5),
(10138, 1896, 2),
(10138, 2231, 6),
(10138, 2295, 1),
(10138, 3223, 0),
(10138, 6162, 10),
(10138, 6807, 4),
(10138, 7624, 27),
(10138, 9048, 11),
(10138, 9466, 84),
(10138, 12052, 3),
(10138, 13922, 85),
(10138, 14741, 16),
(10138, 15277, 7),
(10138, 21134, 9),
(10138, 40275, 24),
(10138, 51072, 14),
(10138, 52865, 8),
(10138, 57451, 12),
(10138, 57563, 34),
(10138, 73641, 15),
(10138, 77824, 78),
(10138, 81364, 33),
(10138, 81957, 36),
(10138, 83274, 56),
(10138, 92189, 80),
(10138, 95777, 35),
(10138, 101037, 72),
(10138, 108725, 42),
(10138, 113676, 29),
(10138, 118755, 31),
(10138, 168925, 58),
(10138, 193946, 68),
(10138, 201883, 40),
(10138, 201951, 70),
(10138, 208056, 76),
(10138, 210292, 30),
(10138, 216601, 18),
(10138, 586090, 22),
(10138, 992389, 74),
(10138, 995348, 52),
(10138, 997632, 38),
(10138, 1003061, 44),
(10138, 1079976, 13),
(10138, 1122811, 81),
(10138, 1177850, 21),
(10138, 1197358, 77),
(10138, 1200313, 71),
(10138, 1202543, 46),
(10138, 1209714, 17),
(10138, 1225936, 64),
(10138, 1228219, 23),
(10138, 1230885, 25),
(10138, 1231548, 61),
(10138, 1236642, 60),
(10138, 1265248, 19),
(10138, 1265249, 20),
(10138, 1265250, 26),
(10138, 1265251, 28),
(10138, 1265252, 32),
(10138, 1265795, 37),
(10138, 1265796, 39),
(10138, 1265797, 41),
(10138, 1265798, 43),
(10138, 1265799, 45),
(10138, 1265800, 47),
(10138, 1265801, 48),
(10138, 1265802, 50),
(10138, 1265803, 51),
(10138, 1265804, 53),
(10138, 1265805, 54),
(10138, 1265806, 55),
(10138, 1265807, 57),
(10138, 1265813, 59),
(10138, 1265817, 62),
(10138, 1265819, 63),
(10138, 1265820, 65),
(10138, 1265822, 66),
(10138, 1265823, 67),
(10138, 1265827, 69),
(10138, 1265829, 73),
(10138, 1265831, 75),
(10138, 1265838, 79),
(10138, 1429470, 82),
(10138, 2260280, 49),
(10138, 2798404, 83),
(13995, 780, 1),
(13995, 3809, 9),
(13995, 4778, 7),
(13995, 6701, 13),
(13995, 7333, 4),
(13995, 8699, 5),
(13995, 13726, 3),
(13995, 48810, 2),
(13995, 49357, 8),
(13995, 76234, 0),
(13995, 76235, 6),
(13995, 76236, 10),
(13995, 76237, 11),
(13995, 76238, 12),
(13995, 76239, 14),
(13995, 1156167, 16),
(13995, 1301977, 15),
(13995, 1473557, 17),
(14609, 9289, 4),
(14609, 15761, 3),
(14609, 19506, 17),
(14609, 19508, 6),
(14609, 23680, 11),
(14609, 31536, 9),
(14609, 46423, 2),
(14609, 56758, 8),
(14609, 60279, 0),
(14609, 86007, 10),
(14609, 87174, 1),
(14609, 87175, 5),
(14609, 87176, 7),
(14609, 143346, 13),
(14609, 158322, 15),
(14609, 571562, 12),
(14609, 1214359, 14),
(14609, 3327814, 16),
(14611, 2, 13),
(14611, 8687, 17),
(14611, 9289, 2),
(14611, 15761, 1),
(14611, 19508, 6),
(14611, 28248, 12),
(14611, 31536, 3),
(14611, 35656, 15),
(14611, 46423, 4),
(14611, 56758, 7),
(14611, 60279, 9),
(14611, 86007, 10),
(14611, 87174, 0),
(14611, 87175, 5),
(14611, 87176, 8),
(14611, 103898, 11),
(14611, 168996, 16),
(14611, 170317, 14),
(14613, 60279, 2),
(14613, 63566, 4),
(14613, 71535, 7),
(14613, 74370, 3),
(14613, 87736, 1),
(14613, 101247, 6),
(14613, 106950, 10),
(14613, 141530, 0),
(14613, 167756, 8),
(14613, 215395, 5),
(14613, 220787, 9),
(15239, 3141, 29),
(15239, 32286, 14),
(15239, 78020, 1),
(15239, 98329, 7),
(15239, 98330, 25),
(15239, 104593, 5),
(15239, 142162, 16),
(15239, 156240, 18),
(15239, 199664, 8),
(15239, 218520, 19),
(15239, 555065, 0),
(15239, 555066, 2),
(15239, 555067, 3),
(15239, 555068, 4),
(15239, 555069, 6),
(15239, 555070, 9),
(15239, 555071, 12),
(15239, 555072, 13),
(15239, 555073, 15),
(15239, 555074, 17),
(15239, 555075, 20),
(15239, 555076, 21),
(15239, 555077, 22),
(15239, 555078, 23),
(15239, 555079, 24),
(15239, 1708242, 11),
(15239, 1932865, 10),
(15239, 2034010, 27),
(15239, 2762348, 26),
(15239, 3469697, 28),
(24428, 103, 2),
(24428, 1245, 4),
(24428, 1640, 10),
(24428, 2231, 7),
(24428, 2256, 37),
(24428, 3223, 0),
(24428, 5048, 31),
(24428, 6037, 97),
(24428, 6162, 12),
(24428, 6280, 20),
(24428, 7624, 49),
(24428, 9048, 9),
(24428, 9437, 110),
(24428, 12052, 11),
(24428, 14464, 21),
(24428, 16828, 1),
(24428, 17604, 5),
(24428, 19137, 53),
(24428, 19151, 48),
(24428, 34486, 33),
(24428, 51303, 17),
(24428, 60120, 14),
(24428, 60878, 24),
(24428, 66525, 26),
(24428, 71189, 8),
(24428, 74568, 3),
(24428, 79079, 43),
(24428, 81959, 25),
(24428, 86157, 19),
(24428, 87128, 29),
(24428, 91606, 6),
(24428, 98626, 45),
(24428, 101522, 30),
(24428, 150194, 52),
(24428, 156342, 47),
(24428, 168246, 23),
(24428, 188758, 22),
(24428, 1001496, 79),
(24428, 1018947, 27),
(24428, 1033652, 28),
(24428, 1153698, 56),
(24428, 1191953, 58),
(24428, 1203089, 44),
(24428, 1214673, 13),
(24428, 1224022, 38),
(24428, 1234512, 50),
(24428, 1263294, 54),
(24428, 1343164, 107),
(24428, 1354406, 66),
(24428, 1365516, 84),
(24428, 1371850, 89),
(24428, 1376001, 108),
(24428, 1403346, 62),
(24428, 1454362, 92),
(24428, 1466605, 64),
(24428, 1479945, 16),
(24428, 1479946, 18),
(24428, 1479957, 32),
(24428, 1479959, 34),
(24428, 1479961, 35),
(24428, 1479962, 36),
(24428, 1479967, 39),
(24428, 1480042, 40),
(24428, 1480043, 41),
(24428, 1480044, 42),
(24428, 1480045, 46),
(24428, 1480047, 51),
(24428, 1480048, 55),
(24428, 1480049, 57),
(24428, 1480051, 59),
(24428, 1480053, 60),
(24428, 1480055, 61),
(24428, 1480056, 63),
(24428, 1480057, 65),
(24428, 1480060, 67),
(24428, 1480065, 68),
(24428, 1480066, 69),
(24428, 1480067, 70),
(24428, 1480085, 71),
(24428, 1480087, 72),
(24428, 1480091, 73),
(24428, 1480096, 74),
(24428, 1480097, 75),
(24428, 1480128, 77),
(24428, 1480132, 78),
(24428, 1480146, 80),
(24428, 1480148, 81),
(24428, 1480152, 82),
(24428, 1480153, 83),
(24428, 1480198, 85),
(24428, 1480199, 86),
(24428, 1480200, 87),
(24428, 1480202, 88),
(24428, 1480204, 90),
(24428, 1480208, 91),
(24428, 1480209, 93),
(24428, 1480210, 94),
(24428, 1480211, 95),
(24428, 1480213, 96),
(24428, 1480218, 98),
(24428, 1480219, 99),
(24428, 1480220, 100),
(24428, 1480221, 101),
(24428, 1480222, 102),
(24428, 1480223, 103),
(24428, 1480224, 104),
(24428, 1480226, 105),
(24428, 1673576, 106),
(24428, 1962256, 109),
(24428, 3857664, 111),
(26965, 1748, 3),
(26965, 1749, 2),
(26965, 2387, 4),
(26965, 2388, 0),
(26965, 2395, 1),
(33728, 2772, 27),
(33728, 3087, 6),
(33728, 3150, 1),
(33728, 4301, 2),
(33728, 8487, 0),
(33728, 11998, 3),
(33728, 13787, 14),
(33728, 13874, 26),
(33728, 14732, 4),
(33728, 15628, 12),
(33728, 15976, 23),
(33728, 16125, 20),
(33728, 18736, 7),
(33728, 41250, 8),
(33728, 41279, 15),
(33728, 44766, 30),
(33728, 45308, 31),
(33728, 64811, 28),
(33728, 82779, 13),
(33728, 89809, 17),
(33728, 106506, 10),
(33728, 151537, 29),
(33728, 151644, 9),
(33728, 153694, 5),
(33728, 157198, 21),
(33728, 157213, 32),
(33728, 163325, 24),
(33728, 197151, 11),
(33728, 549087, 19),
(33728, 1429399, 34),
(33728, 1772613, 25),
(33728, 2578741, 16),
(33728, 3222289, 22),
(33728, 4192672, 33),
(33728, 4396998, 18),
(49051, 22, 6),
(49051, 65, 19),
(49051, 109, 22),
(49051, 112, 18),
(49051, 113, 20),
(49051, 1327, 0),
(49051, 1331, 21),
(49051, 1333, 17),
(49051, 1383, 35),
(49051, 5531, 33),
(49051, 7060, 1),
(49051, 9357, 34),
(49051, 25136, 4),
(49051, 30315, 2),
(49051, 34715, 3),
(49051, 41782, 25),
(49051, 67123, 15),
(49051, 67126, 31),
(49051, 71580, 24),
(49051, 72095, 23),
(49051, 80112, 5),
(49051, 81877, 13),
(49051, 95047, 9),
(49051, 105584, 32),
(49051, 127453, 26),
(49051, 152566, 8),
(49051, 173451, 14),
(49051, 207558, 7),
(49051, 218563, 27),
(49051, 236696, 43),
(49051, 534336, 12),
(49051, 1193832, 11),
(49051, 1193833, 10),
(49051, 1193834, 16),
(49051, 1332976, 41),
(49051, 1399824, 29),
(49051, 1440014, 30),
(49051, 1511590, 28),
(49051, 1512455, 42),
(49051, 1742624, 40),
(49051, 2060825, 36),
(49051, 2082669, 37),
(49051, 2759935, 39),
(49051, 2863121, 38),
(49051, 4696931, 45),
(57158, 112, 29),
(57158, 114, 4),
(57158, 1327, 0),
(57158, 1365, 26),
(57158, 1377, 49),
(57158, 3496, 32),
(57158, 4031, 46),
(57158, 7060, 1),
(57158, 11275, 8),
(57158, 15092, 40),
(57158, 19034, 5),
(57158, 25136, 9),
(57158, 30315, 2),
(57158, 34715, 10),
(57158, 41782, 25),
(57158, 52398, 11),
(57158, 53393, 56),
(57158, 58769, 50),
(57158, 60349, 23),
(57158, 67123, 21),
(57158, 71580, 3),
(57158, 72095, 6),
(57158, 80112, 12),
(57158, 81877, 19),
(57158, 81878, 36),
(57158, 81880, 37),
(57158, 95047, 15),
(57158, 114019, 7),
(57158, 126667, 24),
(57158, 152566, 14),
(57158, 173451, 20),
(57158, 205427, 38),
(57158, 206532, 30),
(57158, 207558, 13),
(57158, 236696, 62),
(57158, 240024, 41),
(57158, 534336, 18),
(57158, 986734, 39),
(57158, 1001709, 42),
(57158, 1064428, 60),
(57158, 1193832, 17),
(57158, 1193833, 16),
(57158, 1193834, 22),
(57158, 1193835, 33),
(57158, 1207292, 45),
(57158, 1351857, 48),
(57158, 1359823, 28),
(57158, 1359824, 27),
(57158, 1440014, 31),
(57158, 1440652, 35),
(57158, 1484140, 57),
(57158, 1844431, 34),
(57158, 2082669, 44),
(57158, 2089833, 47),
(57158, 2237164, 54),
(57158, 2267293, 43),
(57158, 2267298, 51),
(57158, 2267299, 52),
(57158, 2267300, 53),
(57158, 2267301, 55),
(57158, 2295305, 64),
(57158, 2553467, 58),
(57158, 2553471, 59),
(57158, 2625494, 63),
(63441, 119450, 18),
(63441, 119655, 2),
(63441, 229303, 0),
(63441, 544797, 1),
(63441, 1114203, 4),
(63441, 1114834, 5),
(63441, 1114835, 13),
(63441, 1134979, 15),
(63441, 1135162, 7),
(63441, 1140545, 3),
(63441, 1140546, 8),
(63441, 1140990, 11),
(63441, 1140991, 10),
(63441, 1140992, 9),
(63441, 1196099, 12),
(63441, 1277939, 17),
(63441, 1344379, 14),
(63441, 1583011, 16),
(63441, 1625479, 6),
(70703, 822, 2),
(70703, 1748, 0),
(70703, 1754, 11),
(70703, 1759, 15),
(70703, 2154, 4),
(70703, 2387, 1),
(70703, 2388, 9),
(70703, 9805, 10),
(70703, 9807, 6),
(70703, 11077, 8),
(70703, 16180, 12),
(70703, 35317, 3),
(70703, 62064, 5),
(70703, 74070, 14),
(70703, 96309, 16),
(70703, 105829, 13),
(70703, 1213613, 7),
(99457, 1121194, 0),
(99861, 103, 2),
(99861, 1146, 21),
(99861, 1245, 4),
(99861, 1333, 20),
(99861, 1640, 17),
(99861, 1817, 16),
(99861, 1896, 11),
(99861, 2231, 10),
(99861, 3223, 0),
(99861, 3491, 19),
(99861, 6092, 60),
(99861, 6162, 7),
(99861, 7030, 23),
(99861, 7624, 22),
(99861, 13548, 6),
(99861, 16828, 3),
(99861, 16851, 67),
(99861, 17604, 5),
(99861, 17605, 15),
(99861, 19137, 69),
(99861, 27428, 9),
(99861, 30086, 32),
(99861, 39459, 14),
(99861, 43373, 64),
(99861, 53650, 13),
(99861, 62105, 65),
(99861, 71189, 12),
(99861, 74568, 1),
(99861, 550843, 8),
(99861, 1015829, 63),
(99861, 1029031, 33),
(99861, 1171654, 34),
(99861, 1196961, 26),
(99861, 1264233, 27),
(99861, 1265796, 25),
(99861, 1367843, 35),
(99861, 1401531, 18),
(99861, 1405570, 47),
(99861, 1405571, 46),
(99861, 1422743, 53),
(99861, 1504934, 31),
(99861, 1583054, 48),
(99861, 1590327, 52),
(99861, 1665609, 43),
(99861, 1709130, 24),
(99861, 1756778, 56),
(99861, 1760858, 28),
(99861, 1760859, 29),
(99861, 1760860, 30),
(99861, 1760864, 37),
(99861, 1760865, 38),
(99861, 1760866, 39),
(99861, 1760867, 40),
(99861, 1760868, 41),
(99861, 1760869, 42),
(99861, 1760871, 44),
(99861, 1760872, 36),
(99861, 1760879, 45),
(99861, 1760881, 49),
(99861, 1760882, 50),
(99861, 1760884, 51),
(99861, 1760888, 54),
(99861, 1760890, 55),
(99861, 1760891, 57),
(99861, 1760892, 58),
(99861, 1760893, 59),
(99861, 1760899, 62),
(99861, 1760900, 66),
(99861, 1849452, 61),
(99861, 3299129, 70),
(100402, 33, 63),
(100402, 1245, 1),
(100402, 2231, 9),
(100402, 3491, 67),
(100402, 3493, 42),
(100402, 4135, 8),
(100402, 5551, 28),
(100402, 5552, 29),
(100402, 7030, 64),
(100402, 7041, 20),
(100402, 7624, 18),
(100402, 12891, 71),
(100402, 13014, 10),
(100402, 14331, 69),
(100402, 14464, 11),
(100402, 15268, 35),
(100402, 16828, 0),
(100402, 18300, 48),
(100402, 27428, 70),
(100402, 35172, 61),
(100402, 39459, 7),
(100402, 43373, 25),
(100402, 52760, 15),
(100402, 52865, 19),
(100402, 53650, 3),
(100402, 60846, 30),
(100402, 60898, 2),
(100402, 63544, 50),
(100402, 71189, 4),
(100402, 74750, 13),
(100402, 81685, 5),
(100402, 84247, 6),
(100402, 88098, 51),
(100402, 98429, 40),
(100402, 101015, 16),
(100402, 117190, 37),
(100402, 119590, 32),
(100402, 139744, 31),
(100402, 146411, 54),
(100402, 156739, 17),
(100402, 164040, 52),
(100402, 172696, 62),
(100402, 179012, 39),
(100402, 186573, 22),
(100402, 205179, 33),
(100402, 208096, 23),
(100402, 208296, 14),
(100402, 550843, 68),
(100402, 949852, 21),
(100402, 964848, 53),
(100402, 1018947, 12),
(100402, 1034648, 65),
(100402, 1216156, 38),
(100402, 1342054, 66),
(100402, 1392838, 41),
(100402, 1448939, 43),
(100402, 1483700, 45),
(100402, 1672052, 49),
(100402, 1751768, 24),
(100402, 1751772, 26),
(100402, 1751774, 34),
(100402, 1751775, 36),
(100402, 1751780, 44),
(100402, 1751783, 46),
(100402, 1751784, 47),
(100402, 1751787, 55),
(100402, 1751788, 56),
(100402, 1751789, 57),
(100402, 1751790, 58),
(100402, 1751791, 59),
(100402, 1751792, 60),
(109424, 31, 0),
(109424, 2229, 11),
(109424, 15824, 8),
(109424, 16692, 53),
(109424, 17199, 7),
(109424, 24595, 22),
(109424, 37204, 6),
(109424, 58475, 26),
(109424, 63629, 47),
(109424, 75604, 9),
(109424, 76799, 44),
(109424, 87070, 5),
(109424, 94864, 10),
(109424, 122286, 40),
(109424, 122338, 12),
(109424, 142870, 18),
(109424, 185999, 24),
(109424, 203541, 17),
(109424, 205797, 60),
(109424, 211964, 45),
(109424, 218347, 19),
(109424, 1108830, 46),
(109424, 1233161, 16),
(109424, 1261694, 1),
(109424, 1266858, 3),
(109424, 1266859, 2),
(109424, 1266862, 4),
(109424, 1309581, 58),
(109424, 1323776, 21),
(109424, 1334464, 32),
(109424, 1360007, 55),
(109424, 1360197, 52),
(109424, 1463689, 42),
(109424, 1501025, 15),
(109424, 1511823, 27),
(109424, 1561310, 62),
(109424, 1628513, 20),
(109424, 1964974, 25),
(109424, 1997431, 35),
(109424, 2356308, 59),
(109424, 2422562, 33),
(109424, 2668253, 38),
(109424, 3535459, 13),
(109424, 3668050, 14),
(109424, 3668053, 23),
(109424, 3668055, 28),
(109424, 3668056, 29),
(109424, 3668057, 30),
(109424, 3668058, 31),
(109424, 3668061, 34),
(109424, 3668062, 36),
(109424, 3668063, 37),
(109424, 3668064, 39),
(109424, 3668065, 41),
(109424, 3668066, 43),
(109424, 3668067, 48),
(109424, 3668068, 49),
(109424, 3668069, 50),
(109424, 3668070, 51),
(109424, 3668071, 54),
(109424, 3668077, 56),
(109424, 3668078, 57),
(109424, 3668079, 61),
(122917, 65, 17),
(122917, 112, 16),
(122917, 113, 18),
(122917, 114, 3),
(122917, 1327, 0),
(122917, 1331, 19),
(122917, 7060, 1),
(122917, 9188, 11),
(122917, 11275, 14),
(122917, 15092, 36),
(122917, 19034, 4),
(122917, 23680, 48),
(122917, 25136, 8),
(122917, 30315, 2),
(122917, 34715, 13),
(122917, 41782, 30),
(122917, 52398, 20),
(122917, 60349, 15),
(122917, 67123, 26),
(122917, 67126, 45),
(122917, 71580, 7),
(122917, 72095, 6),
(122917, 80112, 21),
(122917, 81877, 24),
(122917, 83105, 52),
(122917, 95047, 12),
(122917, 114019, 5),
(122917, 126667, 29),
(122917, 127453, 39),
(122917, 152566, 10),
(122917, 173451, 25),
(122917, 205406, 31),
(122917, 205427, 35),
(122917, 207558, 9),
(122917, 215913, 62),
(122917, 236696, 60),
(122917, 240024, 37),
(122917, 534336, 23),
(122917, 986734, 34),
(122917, 1047940, 43),
(122917, 1086829, 41),
(122917, 1191112, 47),
(122917, 1193832, 22),
(122917, 1193833, 28),
(122917, 1193834, 27),
(122917, 1201351, 57),
(122917, 1356758, 42),
(122917, 1359823, 33),
(122917, 1359824, 32),
(122917, 1440652, 38),
(122917, 1484140, 40),
(122917, 1594171, 61),
(122917, 1836598, 50),
(122917, 2082669, 58),
(122917, 2265573, 51),
(122917, 2553467, 54),
(122917, 2553471, 55),
(122917, 2600643, 46),
(122917, 2612391, 56),
(122917, 2920366, 44),
(122917, 2924323, 49),
(122917, 4492917, 53),
(150584, 26088, 3),
(150584, 39126, 0),
(150584, 92027, 12),
(150584, 101088, 13),
(150584, 1135175, 2),
(150584, 1135176, 1),
(150584, 1678182, 10),
(150584, 1693766, 6),
(150584, 2485368, 4),
(150584, 2485369, 5),
(150584, 2485370, 7),
(150584, 2485371, 8),
(150584, 2485373, 9),
(150584, 2485374, 11),
(172418, 9706, 20),
(172418, 62318, 14),
(172418, 77927, 8),
(172418, 81860, 12),
(172418, 81866, 4),
(172418, 90137, 1),
(172418, 112135, 7),
(172418, 121711, 15),
(172418, 121712, 13),
(172418, 122502, 9),
(172418, 550088, 0),
(172418, 551965, 16),
(172418, 552600, 2),
(172418, 553282, 6),
(172418, 554432, 19),
(172418, 590307, 11),
(172418, 1221099, 10),
(172418, 1241415, 3),
(172418, 1241658, 5),
(172418, 1247943, 18),
(172418, 4087957, 17),
(197481, 113, 3),
(197481, 747, 12),
(197481, 10191, 9),
(197481, 14049, 17),
(197481, 16200, 14),
(197481, 19427, 5),
(197481, 40445, 4),
(197481, 45308, 8),
(197481, 50708, 7),
(197481, 61144, 0),
(197481, 115343, 1),
(197481, 129220, 10),
(197481, 131725, 6),
(197481, 136104, 2),
(197481, 137389, 11),
(197481, 2110729, 13),
(197481, 2705023, 18),
(197481, 3456097, 15),
(211047, 47918, 3),
(211047, 110035, 2),
(211047, 237286, 1),
(211047, 568546, 9),
(211047, 568774, 16),
(211047, 1118051, 17),
(211047, 1151539, 0),
(211047, 1179530, 13),
(211047, 1191123, 7),
(211047, 1194915, 4),
(211047, 1194917, 5),
(211047, 1194918, 6),
(211047, 1194919, 8),
(211047, 1194920, 10),
(211047, 1194921, 11),
(211047, 1194922, 12),
(211047, 1194923, 14),
(211047, 1194924, 18),
(211047, 1445335, 15),
(211047, 2611449, 19),
(231900, 1267145, 0),
(231900, 1267146, 1),
(231900, 1267147, 2),
(231900, 1267148, 3),
(231900, 1267149, 4),
(231900, 1267150, 5),
(231900, 1267151, 6),
(257247, 1267145, 0),
(257247, 1267147, 9),
(257247, 1267148, 7),
(257247, 1267150, 10),
(257247, 1298553, 1),
(257247, 1298554, 3),
(257247, 1298555, 4),
(257247, 1298558, 5),
(257247, 1298559, 8),
(257247, 1298560, 6),
(257247, 1298561, 2),
(257247, 1298562, 11),
(257346, 1681, 1),
(257346, 9708, 10),
(257346, 89832, 3),
(257346, 110665, 6),
(257346, 126690, 4),
(257346, 186341, 0),
(257346, 222339, 7),
(257346, 224454, 2),
(257346, 228234, 5),
(257346, 1694239, 8),
(257346, 1694240, 9),
(268531, 12098, 17),
(268531, 20405, 7),
(268531, 27105, 2),
(268531, 55638, 0),
(268531, 59675, 9),
(268531, 64451, 11),
(268531, 94075, 8),
(268531, 109869, 5),
(268531, 111678, 1),
(268531, 114631, 6),
(268531, 174727, 16),
(268531, 208519, 3),
(268531, 291263, 4),
(268531, 1181220, 13),
(268531, 1230842, 14),
(268531, 1281758, 15),
(268531, 1832129, 10),
(268531, 1832131, 12),
(268531, 1832132, 18),
(271110, 227, 15),
(271110, 1245, 2),
(271110, 1896, 8),
(271110, 1981, 21),
(271110, 3141, 17),
(271110, 3223, 1),
(271110, 3872, 5),
(271110, 6162, 7),
(271110, 7060, 14),
(271110, 7624, 89),
(271110, 15250, 20),
(271110, 16828, 0),
(271110, 17604, 11),
(271110, 21134, 19),
(271110, 22226, 12),
(271110, 25135, 32),
(271110, 51878, 16),
(271110, 53650, 9),
(271110, 60898, 3),
(271110, 62105, 91),
(271110, 78430, 92),
(271110, 81685, 18),
(271110, 84247, 13),
(271110, 91042, 96),
(271110, 114634, 40),
(271110, 116969, 30),
(271110, 139900, 31),
(271110, 150194, 83),
(271110, 161932, 87),
(271110, 172069, 4),
(271110, 209125, 43),
(271110, 232256, 90),
(271110, 550843, 6),
(271110, 570756, 79),
(271110, 592495, 99),
(271110, 1003792, 37),
(271110, 1103625, 100),
(271110, 1136406, 10),
(271110, 1265796, 94),
(271110, 1323073, 38),
(271110, 1327810, 33),
(271110, 1375186, 84),
(271110, 1480044, 35),
(271110, 1480174, 76),
(271110, 1483700, 29),
(271110, 1502949, 22),
(271110, 1511252, 101),
(271110, 1566267, 27),
(271110, 1569801, 86),
(271110, 1582803, 26),
(271110, 1587358, 44),
(271110, 1731337, 93),
(271110, 1738113, 97),
(271110, 1779511, 23),
(271110, 1779512, 24),
(271110, 1779513, 25),
(271110, 1779514, 28),
(271110, 1779516, 34),
(271110, 1779517, 36),
(271110, 1779519, 39),
(271110, 1779521, 41),
(271110, 1779522, 42),
(271110, 1779523, 45),
(271110, 1779524, 46),
(271110, 1779525, 47),
(271110, 1779526, 48),
(271110, 1779527, 49),
(271110, 1779528, 50),
(271110, 1779529, 51),
(271110, 1779530, 52),
(271110, 1779531, 53),
(271110, 1779532, 54),
(271110, 1779533, 55),
(271110, 1779534, 56),
(271110, 1779535, 57),
(271110, 1779536, 58),
(271110, 1779537, 59),
(271110, 1779538, 60),
(271110, 1779539, 61),
(271110, 1779540, 62),
(271110, 1779541, 63),
(271110, 1779542, 64),
(271110, 1779543, 65),
(271110, 1779544, 66),
(271110, 1779545, 67),
(271110, 1779546, 68),
(271110, 1779547, 69),
(271110, 1779548, 70),
(271110, 1779549, 71),
(271110, 1779550, 72),
(271110, 1779551, 73),
(271110, 1779552, 74),
(271110, 1779554, 75),
(271110, 1779562, 77),
(271110, 1779563, 78),
(271110, 1779564, 80),
(271110, 1779565, 81),
(271110, 1779567, 82),
(271110, 1779569, 85),
(271110, 1779570, 88),
(271110, 1779572, 95),
(271110, 3152301, 102),
(271110, 3862704, 103),
(299534, 103, 2),
(299534, 227, 36),
(299534, 524, 30),
(299534, 1160, 35),
(299534, 1245, 4),
(299534, 1817, 40),
(299534, 1896, 6),
(299534, 2231, 53),
(299534, 3063, 27),
(299534, 3141, 31),
(299534, 3223, 0),
(299534, 3392, 34),
(299534, 4135, 50),
(299534, 7624, 64),
(299534, 8691, 13),
(299534, 9195, 43),
(299534, 9780, 33),
(299534, 12052, 49),
(299534, 12835, 47),
(299534, 14343, 16),
(299534, 15277, 28),
(299534, 16828, 1),
(299534, 16851, 51),
(299534, 17181, 72),
(299534, 17292, 97),
(299534, 17604, 5),
(299534, 19034, 14),
(299534, 19655, 45),
(299534, 21134, 26),
(299534, 22226, 7),
(299534, 29240, 44),
(299534, 30082, 22),
(299534, 39459, 29),
(299534, 44060, 98),
(299534, 51329, 48),
(299534, 51663, 38),
(299534, 53650, 18),
(299534, 60073, 10),
(299534, 60898, 19),
(299534, 62105, 60),
(299534, 62561, 15),
(299534, 71189, 37),
(299534, 71580, 8),
(299534, 73457, 52),
(299534, 74568, 3),
(299534, 81685, 42),
(299534, 82104, 21),
(299534, 83586, 71),
(299534, 91606, 20),
(299534, 97844, 96),
(299534, 102744, 86),
(299534, 111513, 65),
(299534, 136921, 94),
(299534, 139820, 23),
(299534, 163768, 69),
(299534, 172069, 9),
(299534, 208296, 66),
(299534, 236696, 59),
(299534, 375719, 88),
(299534, 543261, 12),
(299534, 543530, 24),
(299534, 550843, 17),
(299534, 555249, 55),
(299534, 964421, 95),
(299534, 1004624, 90),
(299534, 1018947, 41),
(299534, 1028454, 57),
(299534, 1038939, 102),
(299534, 1083010, 25),
(299534, 1120883, 93),
(299534, 1136406, 11),
(299534, 1265796, 82),
(299534, 1378833, 91),
(299534, 1379821, 58),
(299534, 1442722, 79),
(299534, 1447932, 39),
(299534, 1448180, 99),
(299534, 1468400, 74),
(299534, 1475235, 78),
(299534, 1480044, 81),
(299534, 1502949, 80),
(299534, 1649152, 46),
(299534, 1713975, 87),
(299534, 1760879, 61),
(299534, 1851154, 89),
(299534, 1895760, 92),
(299534, 1924769, 63),
(299534, 2011373, 84),
(299534, 2020904, 73),
(299534, 2031105, 100),
(299534, 2267329, 62),
(299534, 2296235, 54),
(299534, 2297907, 67),
(299534, 2298443, 75),
(299534, 2298444, 76),
(299534, 2378181, 101),
(299534, 2378189, 85),
(299534, 2378190, 83),
(299534, 2378191, 68),
(299534, 2378192, 70),
(299534, 2832722, 103),
(299534, 3217697, 77),
(299536, 103, 2),
(299536, 227, 29),
(299536, 1121, 25),
(299536, 1245, 4),
(299536, 1896, 8),
(299536, 2231, 56),
(299536, 3223, 0),
(299536, 5552, 48),
(299536, 6162, 12),
(299536, 7624, 35),
(299536, 8691, 9),
(299536, 11181, 55),
(299536, 12052, 24),
(299536, 12835, 22),
(299536, 16828, 3),
(299536, 16851, 26),
(299536, 17605, 16),
(299536, 22970, 18),
(299536, 29240, 32),
(299536, 30082, 19),
(299536, 51329, 23),
(299536, 51663, 28),
(299536, 53650, 13),
(299536, 60898, 14),
(299536, 62105, 38),
(299536, 71189, 57),
(299536, 71580, 5),
(299536, 73457, 27),
(299536, 74568, 1),
(299536, 82104, 17),
(299536, 91606, 15),
(299536, 97844, 50),
(299536, 102744, 39),
(299536, 139820, 20),
(299536, 139900, 37),
(299536, 172069, 7),
(299536, 211937, 41),
(299536, 212003, 43),
(299536, 236696, 31),
(299536, 543261, 10),
(299536, 543530, 21),
(299536, 550843, 11),
(299536, 555249, 46),
(299536, 964421, 49),
(299536, 1003792, 52),
(299536, 1083010, 30),
(299536, 1136406, 6),
(299536, 1308445, 33),
(299536, 1379821, 34),
(299536, 1447932, 36),
(299536, 1448180, 45),
(299536, 1480027, 53),
(299536, 1517836, 42),
(299536, 1649152, 40),
(299536, 1767250, 44),
(299536, 1779567, 47),
(299536, 1787408, 63),
(299536, 1979170, 60),
(299536, 1979176, 61),
(299536, 1979183, 62),
(299536, 2031105, 51),
(299536, 2105647, 54),
(299536, 2234460, 58),
(299536, 2260935, 59),
(299536, 2466761, 64),
(299536, 2991107, 65),
(299536, 3202311, 67),
(299537, 103, 48),
(299537, 516, 4),
(299537, 938, 5),
(299537, 1245, 46),
(299537, 1896, 47),
(299537, 2231, 1),
(299537, 6623, 16),
(299537, 7624, 31),
(299537, 9048, 9),
(299537, 9642, 3),
(299537, 16828, 45),
(299537, 17837, 35),
(299537, 28868, 18),
(299537, 60073, 0),
(299537, 72095, 6),
(299537, 74539, 17),
(299537, 76022, 34),
(299537, 76618, 10),
(299537, 77335, 2),
(299537, 86381, 11),
(299537, 88928, 33),
(299537, 97576, 8),
(299537, 149776, 30),
(299537, 202930, 52),
(299537, 583885, 42),
(299537, 1038379, 32),
(299537, 1077805, 36),
(299537, 1163622, 20),
(299537, 1172108, 12),
(299537, 1183671, 25),
(299537, 1232599, 14),
(299537, 1240417, 44),
(299537, 1288264, 26),
(299537, 1360281, 7),
(299537, 1514930, 19),
(299537, 1523304, 43),
(299537, 1610710, 15),
(299537, 1989352, 29),
(299537, 2175390, 23),
(299537, 2219719, 28),
(299537, 2258733, 13),
(299537, 2292713, 39),
(299537, 2292715, 24),
(299537, 2293121, 27),
(299537, 2323834, 50),
(299537, 2325804, 37),
(299537, 2325805, 38),
(299537, 2325807, 40),
(299537, 2325808, 41),
(299537, 2467593, 21),
(299537, 2467594, 22),
(299537, 2518232, 49),
(299537, 2639204, 51),
(323660, 19137, 8),
(323660, 27763, 7),
(323660, 82013, 9),
(323660, 131822, 3),
(323660, 1174143, 2),
(323660, 1382071, 5),
(323660, 1404450, 4),
(323660, 1425612, 1),
(323660, 1425613, 0),
(323660, 1512535, 6),
(323660, 1842225, 10),
(323660, 2125335, 11),
(334533, 110, 0),
(334533, 1294, 15),
(334533, 8924, 8),
(334533, 17696, 11),
(334533, 18324, 10),
(334533, 43366, 9),
(334533, 146750, 1),
(334533, 210154, 20),
(334533, 240828, 25),
(334533, 990393, 14),
(334533, 1024722, 3),
(334533, 1108129, 7),
(334533, 1261400, 2),
(334533, 1360435, 19),
(334533, 1427034, 22),
(334533, 1447238, 5),
(334533, 1504947, 4),
(334533, 1504948, 23),
(334533, 1527955, 26),
(334533, 1637129, 6),
(334533, 1637130, 12),
(334533, 1637131, 13),
(334533, 1637132, 17),
(334533, 1637133, 16),
(334533, 1637134, 24),
(334533, 2093618, 18),
(334533, 2093619, 21),
(334533, 2110050, 27),
(347158, 40066, 7),
(347158, 42259, 4),
(347158, 72838, 3),
(347158, 132093, 6),
(347158, 234544, 5),
(347158, 886142, 1),
(347158, 1246933, 0),
(347158, 1360654, 2),
(347158, 1483851, 8),
(347423, 3901, 0),
(347423, 34904, 8),
(347423, 101034, 9),
(347423, 939091, 6),
(347423, 1081468, 4),
(347423, 1186909, 2),
(347423, 1269487, 10),
(347423, 1270331, 3),
(347423, 1283880, 5),
(347423, 1332932, 7),
(347423, 1500153, 11),
(347423, 1509110, 1),
(347423, 1592314, 12),
(357073, 28151, 1),
(357073, 590963, 0),
(357073, 1267145, 2),
(357073, 3877635, 3),
(368304, 30697, 6),
(368304, 35111, 7),
(368304, 60279, 9),
(368304, 75037, 0),
(368304, 75038, 8),
(368304, 89599, 2),
(368304, 98391, 12),
(368304, 963818, 1),
(368304, 971877, 11),
(368304, 1149996, 14),
(368304, 1178795, 3),
(368304, 1221888, 10),
(368304, 1248445, 4),
(368304, 1449120, 13),
(368304, 1541380, 5),
(475094, 3738, 11),
(475094, 3841, 14),
(475094, 15381, 20),
(475094, 16809, 18),
(475094, 22184, 6),
(475094, 24440, 1),
(475094, 27627, 5),
(475094, 28422, 8),
(475094, 31663, 3),
(475094, 31846, 19),
(475094, 38312, 15),
(475094, 40692, 31),
(475094, 49767, 2),
(475094, 53870, 21),
(475094, 90515, 10),
(475094, 239279, 25),
(475094, 544776, 23),
(475094, 935610, 30),
(475094, 1004832, 4),
(475094, 1030356, 0),
(475094, 1146745, 12),
(475094, 1165938, 9),
(475094, 1295654, 22),
(475094, 1323416, 37),
(475094, 1398478, 7),
(475094, 1535177, 33),
(475094, 1554190, 36),
(475094, 1586915, 34),
(475094, 1658527, 26),
(475094, 1724677, 13),
(475094, 1886250, 16),
(475094, 1886252, 17),
(475094, 2362584, 24),
(475094, 3089253, 27),
(475094, 3089254, 28),
(475094, 3089255, 29),
(475094, 3089258, 32),
(475094, 3089267, 35),
(521720, 1425612, 1),
(521720, 1425613, 0),
(521720, 1496366, 5),
(521720, 1774338, 3),
(521720, 1982553, 4),
(521720, 2033948, 2),
(521720, 2038249, 6),
(538153, 20189, 0),
(538153, 35548, 3),
(538153, 56448, 10),
(538153, 78437, 2),
(538153, 106217, 15),
(538153, 112219, 1),
(538153, 121742, 9),
(538153, 1116629, 4),
(538153, 1225827, 17),
(538153, 1271752, 16),
(538153, 1788486, 6),
(538153, 2066423, 5),
(538153, 2092820, 7),
(538153, 2092822, 8),
(538153, 2092824, 11),
(538153, 2092825, 12),
(538153, 2092829, 13),
(538153, 2092831, 14),
(589712, 99687, 0),
(589712, 130862, 8),
(589712, 150899, 17),
(589712, 568304, 5),
(589712, 1076049, 16),
(589712, 1172609, 3),
(589712, 1175570, 15),
(589712, 1298703, 6),
(589712, 1338063, 9),
(589712, 1353694, 12),
(589712, 1355667, 1),
(589712, 1376105, 10),
(589712, 1384277, 11),
(589712, 1576969, 2),
(589712, 1599854, 4),
(589712, 1675906, 14),
(589712, 1686977, 18),
(589712, 1800792, 13),
(589712, 2148055, 19),
(589712, 2399653, 7),
(731021, 99285, 0),
(731021, 543724, 1),
(774358, 129, 0),
(774358, 118128, 2),
(774358, 118129, 1),
(774358, 1407664, 4),
(774358, 1407665, 5),
(774358, 4255844, 3),
(774358, 4255852, 6),
(822119, 3, 7),
(822119, 882, 3),
(822119, 1462, 2),
(822119, 29382, 4),
(822119, 53650, 0),
(822119, 109565, 6),
(822119, 973667, 9),
(822119, 1170010, 8),
(822119, 1394332, 5),
(822119, 1773397, 1),
(894218, 3029749, 0),
(938892, 131258, 5),
(938892, 141697, 2),
(938892, 237629, 4),
(938892, 237683, 0),
(938892, 237697, 3),
(938892, 584238, 1),
(940155, 2615185, 1),
(940155, 3431534, 0),
(962074, 130115, 11),
(962074, 177225, 16),
(962074, 550165, 0),
(962074, 560038, 9),
(962074, 586621, 24),
(962074, 1011802, 5),
(962074, 1124946, 13),
(962074, 1306567, 14),
(962074, 1343007, 4),
(962074, 1418690, 8),
(962074, 1425004, 3),
(962074, 1610320, 15),
(962074, 1824653, 21),
(962074, 1922502, 10),
(962074, 1936126, 6),
(962074, 2121285, 20),
(962074, 2243286, 1),
(962074, 2303123, 22),
(962074, 2512339, 2),
(962074, 2735982, 7),
(962074, 3199752, 17),
(962074, 3576774, 23),
(962074, 4012710, 26),
(962074, 4378305, 19),
(962074, 4478739, 12),
(962074, 4526534, 25),
(1154598, 9640, 2),
(1154598, 35111, 8),
(1154598, 60279, 10),
(1154598, 75037, 0),
(1154598, 75038, 9),
(1154598, 76621, 4),
(1154598, 82816, 1),
(1154598, 89966, 6),
(1154598, 228121, 7),
(1154598, 571562, 3),
(1154598, 971877, 12),
(1154598, 1221888, 11),
(1154598, 1252366, 5);

-- --------------------------------------------------------

--
-- Structure de la table `join_film_genre`
--

DROP TABLE IF EXISTS `join_film_genre`;
CREATE TABLE IF NOT EXISTS `join_film_genre` (
  `id_film` int NOT NULL,
  `id_genre` int NOT NULL,
  PRIMARY KEY (`id_film`,`id_genre`),
  KEY `fk_id_genre` (`id_genre`)
) ENGINE=InnoDB DEFAULT CHARSET=utf8mb4 COLLATE=utf8mb4_0900_ai_ci;

--
-- Déchargement des données de la table `join_film_genre`
--

INSERT INTO `join_film_genre` (`id_film`, `id_genre`) VALUES
(1362, 12),
(1726, 12),
(1771, 12),
(9320, 12),
(10138, 12),
(13995, 12),
(14609, 12),
(14611, 12),
(14613, 12),
(24428, 12),
(49051, 12),
(57158, 12),
(99457, 12),
(99861, 12),
(100402, 12),
(122917, 12),
(150584, 12),
(211047, 12),
(231900, 12),
(257247, 12),
(271110, 12),
(299534, 12),
(299536, 12),
(299537, 12),
(334533, 12),
(357073, 12),
(521720, 12),
(1294041, 12),
(1362, 14),
(49051, 14),
(57158, 14),
(99457, 14),
(122917, 14),
(150584, 14),
(211047, 14),
(323660, 14),
(521720, 14),
(538153, 14),
(1294041, 14),
(1362, 16),
(14609, 16),
(14611, 16),
(14613, 16),
(99457, 16),
(172418, 16),
(257346, 16),
(268531, 16),
(368304, 16),
(731021, 16),
(1154598, 16),
(33728, 18),
(63441, 18),
(109424, 18),
(197481, 18),
(334533, 18),
(475094, 18),
(589712, 18),
(15239, 27),
(347423, 27),
(1726, 28),
(1771, 28),
(9320, 28),
(10138, 28),
(13995, 28),
(14609, 28),
(14611, 28),
(14613, 28),
(24428, 28),
(49051, 28),
(57158, 28),
(63441, 28),
(99861, 28),
(100402, 28),
(109424, 28),
(122917, 28),
(150584, 28),
(197481, 28),
(257346, 28),
(268531, 28),
(271110, 28),
(299534, 28),
(299536, 28),
(299537, 28),
(323660, 28),
(521720, 28),
(538153, 28),
(822119, 28),
(938892, 28),
(962074, 28),
(1154598, 28),
(1294041, 28),
(9320, 35),
(15239, 35),
(33728, 35),
(257247, 35),
(268531, 35),
(347158, 35),
(357073, 35),
(538153, 35),
(475094, 36),
(9320, 53),
(109424, 53),
(589712, 53),
(938892, 53),
(347423, 80),
(26965, 99),
(70703, 99),
(448052, 99),
(651342, 99),
(774358, 99),
(1726, 878),
(1771, 878),
(9320, 878),
(10138, 878),
(13995, 878),
(14609, 878),
(14611, 878),
(14613, 878),
(15239, 878),
(24428, 878),
(70703, 878),
(99861, 878),
(100402, 878),
(197481, 878),
(257346, 878),
(271110, 878),
(299534, 878),
(299536, 878),
(299537, 878),
(347423, 878),
(822119, 878),
(940155, 878),
(1003596, 878),
(1003598, 878),
(1362, 10751),
(14609, 10751),
(14613, 10751),
(268531, 10751),
(368304, 10751),
(1154598, 10751),
(13995, 10752),
(33728, 10752),
(475094, 10752),
(962074, 10752),
(1362, 10770),
(197481, 10770),
(211047, 10770);

-- --------------------------------------------------------

--
-- Structure de la table `join_film_langue`
--

DROP TABLE IF EXISTS `join_film_langue`;
CREATE TABLE IF NOT EXISTS `join_film_langue` (
  `id_film` int NOT NULL,
  `id_langue` int NOT NULL,
  PRIMARY KEY (`id_film`,`id_langue`),
  KEY `fk_id_langue` (`id_langue`)
) ENGINE=InnoDB DEFAULT CHARSET=utf8mb4 COLLATE=utf8mb4_0900_ai_ci;

-- --------------------------------------------------------

--
-- Structure de la table `join_film_pays`
--

DROP TABLE IF EXISTS `join_film_pays`;
CREATE TABLE IF NOT EXISTS `join_film_pays` (
  `id_film` int NOT NULL,
  `id_pays` varchar(255) NOT NULL,
  PRIMARY KEY (`id_film`,`id_pays`),
  KEY `fk_id_pays` (`id_pays`)
) ENGINE=InnoDB DEFAULT CHARSET=utf8mb4 COLLATE=utf8mb4_0900_ai_ci;

--
-- Déchargement des données de la table `join_film_pays`
--

INSERT INTO `join_film_pays` (`id_film`, `id_pays`) VALUES
(589712, 'CN'),
(475094, 'DE'),
(1154598, 'DK'),
(231900, 'FR'),
(357073, 'FR'),
(475094, 'FR'),
(347423, 'GB'),
(63441, 'HK'),
(448052, 'ID'),
(938892, 'IN'),
(962074, 'IN'),
(1362, 'JP'),
(172418, 'JP'),
(257346, 'JP'),
(49051, 'NZ'),
(57158, 'NZ'),
(122917, 'NZ'),
(347423, 'PH'),
(475094, 'PL'),
(211047, 'SU'),
(1362, 'US'),
(1726, 'US'),
(1771, 'US'),
(9320, 'US'),
(10138, 'US'),
(13995, 'US'),
(14609, 'US'),
(14611, 'US'),
(14613, 'US'),
(15239, 'US'),
(24428, 'US'),
(26965, 'US'),
(33728, 'US'),
(49051, 'US'),
(57158, 'US'),
(70703, 'US'),
(99457, 'US'),
(99861, 'US'),
(100402, 'US'),
(109424, 'US'),
(122917, 'US'),
(150584, 'US'),
(197481, 'US'),
(268531, 'US'),
(271110, 'US'),
(299534, 'US'),
(299536, 'US'),
(299537, 'US'),
(323660, 'US'),
(334533, 'US'),
(347158, 'US'),
(347423, 'US'),
(368304, 'US'),
(521720, 'US'),
(538153, 'US'),
(822119, 'US'),
(1003596, 'US'),
(1003598, 'US'),
(1154598, 'US'),
(99457, 'XC'),
(13995, 'YU');

-- --------------------------------------------------------

--
-- Structure de la table `join_film_plateforme`
--

DROP TABLE IF EXISTS `join_film_plateforme`;
CREATE TABLE IF NOT EXISTS `join_film_plateforme` (
  `id_film` int NOT NULL,
  `id_plateforme` int NOT NULL,
  PRIMARY KEY (`id_film`,`id_plateforme`),
  KEY `fk_id_plateforme` (`id_plateforme`)
) ENGINE=InnoDB DEFAULT CHARSET=utf8mb4 COLLATE=utf8mb4_0900_ai_ci;

-- --------------------------------------------------------

--
-- Structure de la table `join_film_production`
--

DROP TABLE IF EXISTS `join_film_production`;
CREATE TABLE IF NOT EXISTS `join_film_production` (
  `id_film` int NOT NULL,
  `id_production` int NOT NULL,
  PRIMARY KEY (`id_film`,`id_production`),
  KEY `fk_id_production` (`id_production`)
) ENGINE=InnoDB DEFAULT CHARSET=utf8mb4 COLLATE=utf8mb4_0900_ai_ci;

--
-- Déchargement des données de la table `join_film_production`
--

INSERT INTO `join_film_production` (`id_film`, `id_production`) VALUES
(109424, 5),
(49051, 11),
(57158, 11),
(122917, 11),
(49051, 12),
(57158, 12),
(122917, 12),
(49051, 21),
(57158, 21),
(122917, 21),
(1362, 29),
(33728, 33),
(475094, 104),
(13995, 168),
(9320, 174),
(49051, 174),
(57158, 174),
(122917, 174),
(109424, 258),
(1726, 420),
(1771, 420),
(10138, 420),
(14611, 420),
(14613, 420),
(24428, 420),
(99861, 420),
(100402, 420),
(271110, 420),
(299534, 420),
(299536, 420),
(299537, 420),
(822119, 420),
(1003596, 420),
(1003598, 420),
(268531, 521),
(1362, 688),
(475094, 850),
(150584, 1311),
(323660, 1311),
(14611, 1632),
(14613, 1632),
(9320, 2596),
(15239, 3052),
(475094, 3061),
(257346, 3464),
(1154598, 4081),
(347158, 4681),
(63441, 5798),
(475094, 6477),
(14609, 6574),
(1726, 7297),
(10138, 7297),
(1726, 7505),
(1771, 7505),
(10138, 7505),
(595927, 7521),
(70703, 7523),
(70703, 7524),
(70703, 7525),
(109424, 7626),
(211047, 8192),
(334533, 8600),
(368304, 10280),
(521720, 10571),
(475094, 10611),
(109424, 11370),
(172418, 11884),
(13995, 13282),
(938892, 16427),
(475094, 17178),
(197481, 26727),
(962074, 27059),
(172418, 27716),
(268531, 30246),
(334533, 33603),
(99457, 48424),
(475094, 56832),
(357073, 62173),
(257346, 82346),
(538153, 88606),
(475094, 94774),
(14611, 101439),
(475094, 109878),
(347423, 110102),
(13995, 160251),
(822119, 176762),
(1003596, 176762),
(1003598, 176762),
(538153, 185128),
(14609, 213000),
(14609, 213001),
(14613, 213002),
(13995, 218861);

-- --------------------------------------------------------

--
-- Structure de la table `join_film_realisateur`
--

DROP TABLE IF EXISTS `join_film_realisateur`;
CREATE TABLE IF NOT EXISTS `join_film_realisateur` (
  `id_film` int NOT NULL,
  `id_realisateur` int NOT NULL,
  PRIMARY KEY (`id_film`,`id_realisateur`),
  KEY `fk_id_realisateur` (`id_realisateur`)
) ENGINE=InnoDB DEFAULT CHARSET=utf8mb4 COLLATE=utf8mb4_0900_ai_ci;

--
-- Déchargement des données de la table `join_film_realisateur`
--

INSERT INTO `join_film_realisateur` (`id_film`, `id_realisateur`) VALUES
(49051, 108),
(57158, 108),
(122917, 108),
(1362, 834),
(1362, 6593),
(1726, 15277),
(10138, 15277),
(100402, 19272),
(271110, 19272),
(299534, 19272),
(24428, 43553),
(299534, 55934),
(589712, 65994),
(197481, 81693),
(24428, 1480124),
(99861, 1503080),
(962074, 1634787),
(299536, 4442307);

-- --------------------------------------------------------

--
-- Structure de la table `langue`
--

DROP TABLE IF EXISTS `langue`;
CREATE TABLE IF NOT EXISTS `langue` (
  `id` int NOT NULL AUTO_INCREMENT,
  `langue` varchar(255) NOT NULL,
  `iso` varchar(255) NOT NULL,
  PRIMARY KEY (`id`),
  UNIQUE KEY `iso` (`iso`)
) ENGINE=InnoDB AUTO_INCREMENT=97 DEFAULT CHARSET=utf8mb4 COLLATE=utf8mb4_0900_ai_ci;

--
-- Déchargement des données de la table `langue`
--

INSERT INTO `langue` (`id`, `langue`, `iso`) VALUES
(1, 'English', 'en'),
(6, 'Pусский', 'ru'),
(7, 'Français', 'fr'),
(12, 'Italiano', 'it'),
(14, 'Español', 'es'),
(17, '', 'xh'),
(19, 'हिन्दी', 'hi'),
(22, '日本語', 'ja'),
(29, 'Norsk', 'no'),
(31, '普通话', 'zh'),
(44, 'Română', 'ro'),
(46, 'Deutsch', 'de'),
(53, 'தமிழ்', 'ta'),
(54, 'తెలుగు', 'te'),
(64, 'Esperanto', 'eo'),
(67, 'Somali', 'so'),
(75, 'فارسی', 'fa'),
(76, 'اردو', 'ur'),
(77, 'العربية', 'ar');

-- --------------------------------------------------------

--
-- Structure de la table `pays`
--

DROP TABLE IF EXISTS `pays`;
CREATE TABLE IF NOT EXISTS `pays` (
  `nom` varchar(255) NOT NULL,
  `iso` varchar(255) NOT NULL,
  UNIQUE KEY `iso` (`iso`)
) ENGINE=InnoDB DEFAULT CHARSET=utf8mb4 COLLATE=utf8mb4_0900_ai_ci;

--
-- Déchargement des données de la table `pays`
--

INSERT INTO `pays` (`nom`, `iso`) VALUES
('China', 'CN'),
('Germany', 'DE'),
('Denmark', 'DK'),
('France', 'FR'),
('United Kingdom', 'GB'),
('Hong Kong', 'HK'),
('Indonesia', 'ID'),
('India', 'IN'),
('Japan', 'JP'),
('New Zealand', 'NZ'),
('Philippines', 'PH'),
('Poland', 'PL'),
('Soviet Union', 'SU'),
('United States of America', 'US'),
('Czechoslovakia', 'XC'),
('Yugoslavia', 'YU');

-- --------------------------------------------------------

--
-- Structure de la table `personne`
--

DROP TABLE IF EXISTS `personne`;
CREATE TABLE IF NOT EXISTS `personne` (
  `id` int NOT NULL AUTO_INCREMENT,
  `name` varchar(500) CHARACTER SET utf8mb4 COLLATE utf8mb4_0900_ai_ci NOT NULL,
  `image` text CHARACTER SET utf8mb4 COLLATE utf8mb4_0900_ai_ci,
  PRIMARY KEY (`id`),
  UNIQUE KEY `name` (`name`)
) ENGINE=InnoDB AUTO_INCREMENT=4696932 DEFAULT CHARSET=utf8mb4 COLLATE=utf8mb4_0900_ai_ci;

--
-- Déchargement des données de la table `personne`
--

INSERT INTO `personne` (`id`, `name`, `image`) VALUES
(2, 'Mark Hamill', '/2ZulC2Ccq1yv3pemusks6Zlfy2s.jpg'),
(3, 'Harrison Ford', '/n4dwIg6NbQzeMaS1yEKKlfNJH7a.jpg'),
(22, 'Barry Humphries', '/gtOAbs8ZFJiDDRPPock1qmP4V18.jpg'),
(31, 'Tom Hanks', '/xndWFsBlClOJFRdhSt4NBwiPq2o.jpg'),
(33, 'Gary Sinise', '/olRjiV8ZhBixQiTvrGwXhpVXxsV.jpg'),
(65, 'Ian Holm', '/tz81JSiPdcLM7b624W1BcYdxd4D.jpg'),
(103, 'Mark Ruffalo', '/z3dvKqMNDQWk3QLxzumloQVR0pv.jpg'),
(108, 'Peter Jackson', '/bNc908d59Ba8VDNr4eCcm4G1cR.jpg'),
(109, 'Elijah Wood', '/7UKRbJBNG7mxBl2QQc5XsAh6F8B.jpg'),
(110, 'Viggo Mortensen', '/vH5gVSpHAMhDaFWfh0Q7BG61O1y.jpg'),
(112, 'Cate Blanchett', '/9V83uemR0ra9Wd9iRXTMlfAQlTB.jpg'),
(113, 'Christopher Lee', '/dA26fBr3t7mKqjn3OYW6kbD1LXM.jpg'),
(114, 'Orlando Bloom', '/lwQoA0qJTCZ6l2FH6PjmhRQjiaB.jpg'),
(129, 'J.R.R. Tolkien', '/8AYNNfNuhpzPHxki7cBISG9JpGx.jpg'),
(139, 'Uma Thurman', '/yqH2qm93m3m3WCHdP8TgR7UGtN1.jpg'),
(227, 'William Hurt', '/j3mjmuHLBW4XQSw53C8Sh0Lh3ZQ.jpg'),
(388, 'Jim Broadbent', '/jTyvGwwR1NFpvgDhcmuWZCM241w.jpg'),
(516, 'Annette Bening', '/sBiiRwAVXd0FCRZ87m0I89qGBvy.jpg'),
(524, 'Natalie Portman', '/edPU5HxncLWa1YkgRPNkSd68ONG.jpg'),
(738, 'Sean Connery', '/qQ9GkO4yMEbMKeMgo0SnQ7jPA1X.jpg'),
(747, 'Alex Hyde-White', '/1h2jQgYgbqtkZyiHsudlKY1eZED.jpg'),
(780, 'Ronny Cox', '/cKkVkqft2RacSDhsKxO8nMFgeAd.jpg'),
(822, 'Avery Brooks', '/86G3ePzkKiFhGnVNiZLPd058P0d.jpg'),
(834, 'Otto Preminger', '/zmJuWBIbWURkB138eD9IPVzpAUt.jpg'),
(863, 'Orson Bean', '/kcMc3ZdcSZzt4ZNpcvsNM7gWrK6.jpg'),
(882, 'Liv Tyler', '/eQnuADVICaY40nl2ZseYvfkGQCc.jpg'),
(938, 'Djimon Hounsou', '/8BpM0SSdRJdMMl3vRqrk2LUICxH.jpg'),
(1121, 'Benicio del Toro', '/s1EVFX10YJZTcvkAAq4AcPniS3t.jpg'),
(1146, 'Julie Delpy', '/rd40f4QpAUUne3hMaUhHrZtcK2c.jpg'),
(1160, 'Michelle Pfeiffer', '/oGUmQBU87QXAsnaGleYaAjAXSlj.jpg'),
(1229, 'Jeff Bridges', '/xms1RAY6q7Lzp7wNeRCB0kzhucn.jpg'),
(1245, 'Scarlett Johansson', '/6NsMbJXRlDZuDzatN2akFdGuTvx.jpg'),
(1294, 'Missi Pyle', '/lKMPTI0PbPv6kGQiublwHOp73Ff.jpg'),
(1327, 'Ian McKellen', '/5cnnnpnJG6TiYUSS7qgJheUZgnv.jpg'),
(1331, 'Hugo Weaving', '/t4ScpYIHlXVD41scEyiGdQDYflX.jpg'),
(1333, 'Andy Serkis', '/eNGqhebQ4cDssjVeNFrKtUvweV5.jpg'),
(1365, 'Lawrence Makoare', '/gNWX2QLQXzjPzynCwa0azyKYG4M.jpg'),
(1377, 'Jabez Olssen', NULL),
(1383, 'Thomas Robins', '/b8ELvyAhsEoPUBUzJfRvAQ0U1aC.jpg'),
(1462, 'Tim Blake Nelson', '/dcfdSmVmklb1HXHbB9kySdrl9Nq.jpg'),
(1640, 'Stellan Skarsgård', '/x78BtYHElirO7Iw8bL4m8CnzRDc.jpg'),
(1681, '玄田哲章', '/7eJeYv2OCHKAadeFVdabVkpWldo.jpg'),
(1748, 'William Shatner', '/7lsjbNFMGj3kYYWoMk1LNnl4p5P.jpg'),
(1749, 'Leonard Nimoy', '/6U58BEkktBoLzevAvaMTR9mfGqR.jpg'),
(1754, 'Walter Koenig', '/bgntAOfEzRR8NxjjOS1LEn9rSWD.jpg'),
(1759, 'Grace Lee Whitney', '/3ItcKdBxe6rP7PeCg9lo7JoL2T4.jpg'),
(1817, 'Linda Cardellini', '/bcycvynDprC1rrhBNrnBjn5uOUd.jpg'),
(1896, 'Don Cheadle', '/vPzvP0Qik5yHNf6dF2uqLH9HrX1.jpg'),
(1926, 'Eddie Izzard', '/yo55CX1eirka40DSkniv7xgy2LZ.jpg'),
(1981, 'Alfre Woodard', '/erXesg092Pi7SHKEK2UHeimPPKf.jpg'),
(2154, 'Scott Bakula', '/1PEcN3iChtgMIr4iAZxj5O4YLSY.jpg'),
(2176, 'Tommy Lee Jones', '/mCiZNRAzbnPojJEZwVZWLw9kzxR.jpg'),
(2203, 'Neal McDonough', '/3mI3i1CpjATSCta1Tb2qsyl1KCh.jpg'),
(2229, 'Catherine Keener', '/n4CTwGszs6cwS1wJRlDQ5Mlh7Ex.jpg'),
(2231, 'Samuel L. Jackson', '/nCJJ3NVksYNxIzEHcyC1XziwPVj.jpg'),
(2256, 'Robert Clohessy', '/lhNUk6PF0mNhgbvTDxXfIy4uhRe.jpg'),
(2283, 'Stanley Tucci', '/ffKQpQvYczWKFxmbxgaoj68NN4W.jpg'),
(2295, 'Mickey Rourke', '/i6vXukUwRsJa7S9yhZgoKt9xLDv.jpg'),
(2387, 'Patrick Stewart', '/3yExCGqCMfSOVVHdEYTJhXaTtFZ.jpg'),
(2388, 'Jonathan Frakes', '/gPirDX8cel6bqMdDM5VnkMH2ZmC.jpg'),
(2395, 'Whoopi Goldberg', '/wZKI7qcEIVgiHxeFtk3NuKt8URQ.jpg'),
(2772, 'Ann Doran', '/t6q0svIGjotyJQgxr74pKz6462g.jpg'),
(2980, 'Nadim Sawalha', '/rlGsZWip2DSTVRvUyByAYp4LOnX.jpg'),
(3063, 'Tilda Swinton', '/gWbX3a7V2MgRMRzekfITNcb27xV.jpg'),
(3087, 'Robert Duvall', '/3tcKxC5Sc3DJ6XPDKKC2EAomEWn.jpg'),
(3141, 'Marisa Tomei', '/5w6qM8FWsl5SutKSpx6Va64eCTE.jpg'),
(3150, 'Tony Curtis', '/2Yytx1aHwX7sat3bIqZ8emPlkos.jpg'),
(3223, 'Robert Downey Jr.', '/5qHNjhtjMD4YWH3UP0rm4tKwxCL.jpg'),
(3392, 'Michael Douglas', '/kVYGPIZowzXLEQfAGUNOqKjAbBb.jpg'),
(3491, 'Thomas Kretschmann', '/kBnPu1KREhckuPpnAUppm24kkVX.jpg'),
(3493, 'Evan Parke', '/hg0bSMu1S28t7VLH9jZfZdcVnax.jpg'),
(3496, 'Craig Hall', '/bdTS3OgiIkSa4iPheVHKJFgMV9Z.jpg'),
(3738, 'Haymon Maria Buttinger', '/hBpdnFZYcKxqvpZaoGwWUC1ADxw.jpg'),
(3809, 'Francesca Neri', '/5bZWv7Dv3qSXBaw9SQxga9ZiopJ.jpg'),
(3841, 'Samuel Finzi', '/pCMO1RAgikPaCt9wTOBnSZ2iM2S.jpg'),
(3872, 'Daniel Brühl', '/3YlmTfiy5qZXkrdKGjaM1uMjGKP.jpg'),
(3901, 'Richard Brake', '/JwsiErANShzPSdYsNoiNYdrSg1.jpg'),
(4031, 'Greg Ellis', '/8PlVCevV5c2QIdZ1S6bX0ttaRUC.jpg'),
(4135, 'Robert Redford', '/rra8c7kXwiOxwFdM3mJ83VPgFBT.jpg'),
(4301, 'Angie Dickinson', '/wA3ksZ5f4WHscrzmZGVCxri7WmJ.jpg'),
(4778, 'Melinda Dillon', '/fefn6cQaU05EuklP25foT4xOc7I.jpg'),
(5048, 'Harry Dean Stanton', '/197UiLVdxPOv8196sqmUpJzOQB5.jpg'),
(5469, 'Ralph Fiennes', '/tJr9GcmGNHhLVVEH3i7QYbj6hBi.jpg'),
(5531, 'Kiran Shah', '/cBE8YAZeCMVUu4eAxr6PNUmNjCh.jpg'),
(5551, 'Christopher Markus', '/7ooPNp0gnURxYkSSKF2etH7wpZP.jpg'),
(5552, 'Stephen McFeely', '/hkn9D5L8TguJUmv8fXy5sHyMEtq.jpg'),
(6037, 'Colin Strause', '/l2kKglzUn9j2Hgio3lBzOXErHfc.jpg'),
(6092, 'Julia Krynke', '/fvfwbny9BR1LTxWJU7oM0lTwjas.jpg'),
(6162, 'Paul Bettany', '/vcAVrAOZrpqmi37qjFdztRAv1u9.jpg'),
(6280, 'Powers Boothe', '/dOwVFE10FgpLXrKhPdEAplpESjR.jpg'),
(6593, 'John Huston', '/3uwPuwZxYSdYaNJA3e4ZmOH1LWY.jpg'),
(6623, 'Vik Sahay', '/690bPfmzaXsrZ1eDcUOCDT5TPpq.jpg'),
(6701, 'Norbert Weisser', '/A2QeLaigXmj1dtJHVLl27N8qNFd.jpg'),
(6807, 'Sam Rockwell', '/1LvWTTwpxFjFhmNWUPWwfViOkrv.jpg'),
(7030, 'Henry Goodman', '/5GTCMmzXa68PmitzuEyEpvjUUxO.jpg'),
(7041, 'Salvator Xuereb', '/aJPHt4Y5JMPQ65MsjlD3mUb9tpY.jpg'),
(7060, 'Martin Freeman', '/vhs7quOGDG2mtFHvL7Lu7rU2dED.jpg'),
(7333, 'Darren McGavin', '/xD9rZ6SLGPVs6QHjart68QhjVTt.jpg'),
(7393, 'Cyril Ritchard', '/nr7qU9YSiWuHJIw4Phmj0r8LMMV.jpg'),
(7624, 'Stan Lee', '/kKeyWoFtTqOPsbmwylNHmuB3En9.jpg'),
(8487, 'Gregory Peck', '/pugayYkpmD2CXY7D0aweLkDRLaf.jpg'),
(8687, 'Chi McBride', '/cesCeJZ5gSywA9lTYReB5uhkfek.jpg'),
(8691, 'Zoe Saldaña', '/vQBwmsSOAd0JDaEcZ5p43J9xzsY.jpg'),
(8699, 'Michael Nouri', '/cbrDZMRb7DRsiVcuoU0VDbLL6qj.jpg'),
(8924, 'Frank Langella', '/86DEo3sBguyc1l46606yVKD28T4.jpg'),
(8937, 'John Wood', '/6raTQciey2xpcVV5c8HRV4XzFCk.jpg'),
(9048, 'Clark Gregg', '/nbxFbr2SaF4Sdc6HdsF193GInvJ.jpg'),
(9188, 'Billy Connolly', '/imqsEA1EPet7OvHx80VfTYfFcWf.jpg'),
(9195, 'Hiroyuki Sanada', '/SOwDxhGnRccP2lAtssQ7TxCzOe.jpg'),
(9289, 'Michael Massee', '/swlvVVcDhaJztxr3fgB04YGoX6I.jpg'),
(9357, 'Glenn Boswell', '/pIsBLm6zLeMpjEkrQw4ICQgZ3OQ.jpg'),
(9437, 'Hank Amos', '/3OMZqHIgnM81UxVnPTDgVUhBRXR.jpg'),
(9466, 'Matt McColm', '/9SlVkQdWGURamicfGScV8BJNs2M.jpg'),
(9640, 'Haley Joel Osment', '/2rnMTQB9Q3vLtmRyyUaenVwSgfY.jpg'),
(9642, 'Jude Law', '/6E8ixknAt2RD6ZmdZVNY8w6oRqJ.jpg'),
(9706, '森川智之', '/u1N6H7V0dehFD4fcO7ZkHvIMUrG.jpg'),
(9708, '藤原啓治', '/hbfBiFiEvD8u3vikl6hUNLKF7Lv.jpg'),
(9780, 'Angela Bassett', '/7Oz53NKdglRzAzI2MKjM3eQXwn.jpg'),
(9805, 'Sally Kellerman', '/jT3grdl4mzQOJEDnK2EcCuHxS4L.jpg'),
(9807, 'René Auberjonois', '/1EZ6FnJGzwRl7XndkX8fBo8Tej3.jpg'),
(10191, 'Lana Wood', '/voLuDL9aFiTQnZaFqzaiSgqE1jG.jpg'),
(10207, 'William Hope', '/blKMEeCftWVBPI2hqvzycmdE9nS.jpg'),
(10662, 'Patrick Macnee', '/nNKJEkr9UgdZkKTD0OWENXIg5AG.jpg'),
(10701, 'Simon Kunz', '/w7dnmzVxXVYnvCwSCYOygTNBhGr.jpg'),
(10981, 'Fiona Shaw', '/tjM74LcxwnYM77Csg1EtlXb1F9a.jpg'),
(11077, 'John de Lancie', '/e9GsjWaW9fabT22ceLzesJhUgzd.jpg'),
(11180, 'David Bradley', '/2ZblKClJrHiifvjWNm6WjbuZriQ.jpg'),
(11181, 'Kenneth Branagh', '/AbCqqFxNi5w3nDUFdQt0DGMFh5H.jpg'),
(11275, 'Stephen Fry', '/dH7GuUZ8QPM9RN99ak9KKOkSkdS.jpg'),
(11998, 'Eddie Albert', '/zkMjESJE1bC6OxTiWO2PttVyWW3.jpg'),
(12052, 'Gwyneth Paltrow', '/slPWN0VvYJtNOEuxlFSsXSNQMaF.jpg'),
(12098, 'Chris Miller', '/qKdbhP9amIRlydcoivWlTx3szuS.jpg'),
(12708, 'Peter Billingsley', '/2Aq3fcRbEifBWfOgBIbZdPDcDUW.jpg'),
(12835, 'Vin Diesel', '/nZdVry7lnUkE24PnXakok9okvL4.jpg'),
(12891, 'Joss Whedon', '/mVvpZnKYKSCtkOQixQnOonV5kv3.jpg'),
(13014, 'Toby Jones', '/1qNisdp4f1KstdfvAgYXMdrhwfk.jpg'),
(13548, 'James Spader', '/uET0mbf2bMkUXbRb1Oxi8Qjqcw3.jpg'),
(13726, 'Ned Beatty', '/j71jw78zrLkucqXraEpjb5EN6DN.jpg'),
(13787, 'Crahan Denton', '/lubpY2PrCRwdCnYislmjvfmzNb5.jpg'),
(13874, 'Marc Cavell', '/sN8iO8Wy79wj0SNlDFprJNftcGc.jpg'),
(13922, 'Seth Green', '/l4No5Eu6j0U80hCIkaSn17AOWrj.jpg'),
(14049, 'Bud Davis', NULL),
(14331, 'Nestor Serrano', '/eHc35FzO1EfoyqYa1YQ67snfEnR.jpg'),
(14343, 'Rene Russo', '/yWPSqrv3nfPPKC6I2S0sRTWZ5Yi.jpg'),
(14464, 'Jenny Agutter', '/hxroyCTMk54hesfCRo4g6Jwc8dT.jpg'),
(14732, 'James Gregory', '/lfLlIfg6nI2cjVTpjyjwm8aQWJQ.jpg'),
(14741, 'Philippe Bergeron', NULL),
(15092, 'Sarah Peirse', '/wC9OFU4mFkK1N6r6UU6A0E7pBTr.jpg'),
(15250, 'Hope Davis', '/dJb76YQDFmfJ6ptlvBvx0ZBP44C.jpg'),
(15268, 'Branka Katić', '/18EiJTZpt7KtvUoYPm38dmgXfHD.jpg'),
(15277, 'Jon Favreau', '/tnx7iMVydPQXGOoLsxXl84PXtbA.jpg'),
(15381, 'Harald Warmbrunn', NULL),
(15543, 'Derek Luke', '/sJR0LET3ppMwyqIMdV0B0LL9ObB.jpg'),
(15628, 'Paul Carr', '/qwFsxsPiUoDP7J6d7A8fc7csPHU.jpg'),
(15761, 'Grey DeLisle', '/vrUHaXe1pG56yZkgH7Hs3LGRLTT.jpg'),
(15824, 'Chris Mulkey', '/jzIy97l6g4xmwXnaZxDkjP7w9pS.jpg'),
(15869, 'John Stephenson', '/2WWZ5IAdGNlsCAcw8CefvsBeo9i.jpg'),
(15976, 'Cal Bolder', '/ylbjn4Xw9V2t9hP4ecMeOBgeu37.jpg'),
(16125, 'Barry Atwater', '/7u2g2BPUObYAE37CJMcXsIXSRSZ.jpg'),
(16180, 'Robert Picardo', '/9TOY0mhWRMlU5Ur8QHMoDecWs2n.jpg'),
(16200, 'Susan French', NULL),
(16413, 'Theodore Gottlieb', '/ptFZedDF5Xt7N61tJeg5wAtZYOP.jpg'),
(16417, 'Paul Frees', '/pACT0LYkEyff7PGt88iqr5u9T7u.jpg'),
(16420, 'Richard Boone', '/sIyo1Clu2Voavfz1NyhkXjaCCiK.jpg'),
(16421, 'Hans Conried', '/rftuT9tTEqVoEDqqJZEQicnXHVH.jpg'),
(16422, 'Don Messick', '/iT3okvWCKy6RAdo6dbx09RP0I3p.jpg'),
(16692, 'Will Bowden', NULL),
(16809, 'David Scheller', '/cVcnlkyTm8kg3vaQSfosQ041PFl.jpg'),
(16828, 'Chris Evans', '/3bOGNsHlrswhyW79uvIHH1V43JI.jpg'),
(16851, 'Josh Brolin', '/2WGHZaU5FUUKOgRNp23fgOfKSzU.jpg'),
(17181, 'Ty Simpkins', '/38QMrTUxckeZLRoaYu1hiHjvs1o.jpg'),
(17199, 'Corey Johnson', '/mhNbf4vGzixPL5mTIOBUPguqvpB.jpg'),
(17200, 'Bill Smitrovich', '/yzZUYnAdX0MMA8eZMTVsXufRCfU.jpg'),
(17292, 'Tom Wisdom', '/69KhHucGYC0AYx92HuDCLS2y0n6.jpg'),
(17604, 'Jeremy Renner', '/yB84D1neTYXfWBaV0QOE9RF2VCu.jpg'),
(17605, 'Idris Elba', '/be1bVF7qGX91a6c5WeRPs5pKXln.jpg'),
(17696, 'Kathryn Hahn', '/9sVllAKfEls3SJD3GoPm2JEZoa5.jpg'),
(17837, 'Patrick Gallagher', '/vdw2xswPj6jbmwiedvpCSmj3d2.jpg'),
(17857, 'Shaun Toub', '/6fuJ9D50bYuMAhrlEgVqzgqF0LU.jpg'),
(18288, 'Terrence Howard', '/wXWt2NSY23v7DHe2yZQ1C8TikBp.jpg'),
(18300, 'Eddie J. Fernandez', '/wA9CnODxcaiLTrTnZ8wnlPIeW1R.jpg'),
(18324, 'Steve Zahn', '/rwrPdKGwXnByxUVMxMf8Y7oswi3.jpg'),
(18736, 'Jane Withers', '/szNfkG7ChyGBCh7pef9lHKHqRtl.jpg'),
(19034, 'Evangeline Lilly', '/pJHX2jd7ytre3NQbF9nlyWUqxH3.jpg'),
(19137, 'Lou Ferrigno', '/obTtRrm8EbDzuiKpLjAd9s1i9v5.jpg'),
(19151, 'James Eckhouse', '/iGG7iSZ5sBrmgkT9IHg1ipZCzgq.jpg'),
(19272, 'Joe Russo', '/ph1GRCWVKk6Mz9lMBrxKvlb6Imo.jpg'),
(19427, 'Christopher Cary', '/8OtPURlaSjcpcTZW6I00BawCmGP.jpg'),
(19506, 'James Arnold Taylor', '/xP7SNjPMhZ2m4aVuYboPa8W1RlB.jpg'),
(19508, 'Nolan North', '/gb499KZIoBTZnKCGKE4zwzlcfSe.jpg'),
(19655, 'James D\'Arcy', '/6CInTvBeLwXLx2id9TgaULaVEO4.jpg'),
(20189, 'Amy Smart', '/cGbVgcBDYeSqNWUrwCUKZZbVMje.jpg'),
(20300, 'Eileen Atkins', '/8gac03PfTFz2vByZi1aun0NiTqM.jpg'),
(20405, 'Brian Posehn', '/kg93LNpDQaRoosR4gVt7SsA3oL1.jpg'),
(21134, 'John Slattery', '/t1mhOQR8XwCqp7xArTy8FCENTsR.jpg'),
(22184, 'Sebastian Rudolph', '/qct6kKiahTQ0KYlEYIOb56rs21n.jpg'),
(22226, 'Paul Rudd', '/6jtwNOLKy0LdsRAKwZqgYMAfd5n.jpg'),
(22809, 'Keeley Hawes', '/9Zt8IHLR1PGso3fSV155LZ1jPCE.jpg'),
(22970, 'Peter Dinklage', '/9CAd7wr8QZyIN0E7nm8v1B6WkGn.jpg'),
(23680, 'Dee Bradley Baker', '/9oFnToDZWp0I484s7Ua1EzNQQ2m.jpg'),
(24440, 'Milan Peschel', '/3E9GchiOTtdEIvZ3AP5cCzXaFNy.jpg'),
(24595, 'Vincenzo Nicoli', NULL),
(25135, 'Cornell John', '/3bSSDGgUVn8TLy5d4RHoD5ZsPm0.jpg'),
(25136, 'Ken Stott', '/qmmhRvSwfoJ7TOF5L6p2VMQQz3u.jpg'),
(26088, 'Christopher Judge', '/hxU7NXyTmVe7hbGnKJiLU6r9uQw.jpg'),
(27031, 'Tim Griffin', '/i3BRPyeBg7CQnGLsHxA6gpnDzDj.jpg'),
(27105, 'Ed Helms', '/j6xXlXdLXH2ifgWqLcLnplbbeS2.jpg'),
(27428, 'Aaron Taylor-Johnson', '/pFtHhih2XEaFaD3qOFyQW6q83br.jpg'),
(27627, 'Waldemar Kobus', '/9CIngBaUFjdkn1JfMAavMyOno9X.jpg'),
(27763, 'Casper Van Dien', '/gHnDUOCuckdZf60tKrfL9VkJD8M.jpg'),
(28151, 'Benoît Allemane', '/40jvBM8Y3JOgDXUceT7J4S2ZxcN.jpg'),
(28248, 'Dwight Schultz', '/kVXkC94gNdSWRvDAs0DqBCduJ4S.jpg'),
(28422, 'Alexander Hörbe', '/zqX5CEMDtk6DqvWiXjXFYv2SiRc.jpg'),
(28868, 'Kenneth Mitchell', '/8p9WeJZk3acU6QEBgJHgMKrr5kQ.jpg'),
(29240, 'Tom Vaughan-Lawlor', '/yArj06agLlBH9LCAp7gxphLkyqV.jpg'),
(29382, 'Carl Lumbly', '/kJ6OPPGrWHZALsQcT8JZMQSiEbg.jpg'),
(30082, 'Benedict Wong', '/yYfLyrC2CE6vBWSJfkpuVKL2POM.jpg'),
(30086, 'Julian Bleach', '/bLgrVbB17jYhqwu9OYHWZdcQueA.jpg'),
(30315, 'Richard Armitage', '/lRWWodfrOd5SaLnFrz7UryFhasI.jpg'),
(30697, 'Jim Meskimen', '/913aYSudoetrtOIA8tZPjOj9dTo.jpg'),
(30710, 'JJ Feild', '/8YIIH6ebWmIhWWJC3RGe16Z1biK.jpg'),
(31536, 'Marc Worden', '/d91IoBbnS5HX2I8lzGosvc39PgS.jpg'),
(31663, 'Alexander Fehling', '/lWT09NCEmy3dh9cZ8fbYGvnm1pl.jpg'),
(31846, 'Hendrik Arnst', '/sWihZYmddx99fYqsjolZSioQAjM.jpg'),
(32286, 'Patrick Kilpatrick', '/yhujborr3HMC9ALvuOPu25ffAhN.jpg'),
(34486, 'Ashley Johnson', '/8s36QwB7Zq3PrbY1W6a6ctTFFoe.jpg'),
(34544, 'Joshua Harto', '/4UHIM6hTWCC5uS1drjw4JbbHuNu.jpg'),
(34715, 'James Nesbitt', '/gdbR1DhI7dOi027mQgnWwYgYGxj.jpg'),
(34904, 'Enn Reitel', '/eTLCNbqkj5ZlIGgXenVPMZ3qRYQ.jpg'),
(35111, 'Bumper Robinson', '/9KU72zZXIfsGAPgHmhlJmTYvor9.jpg'),
(35172, 'Robert Clotworthy', '/ya6d3Nkp28AYIQ9TFDfwh8lshxg.jpg'),
(35317, 'Kate Mulgrew', '/cikUr2PEluEamVsLgrnWWLx9ZsI.jpg'),
(35548, 'Simon Rex', '/swlyh3YQoaB4OAgVi6NSdojVeyZ.jpg'),
(35656, 'Susan Dalian', '/5ruwyI1VhnJQw2fQs9QEqo62DP1.jpg'),
(37158, 'Carmen Ejogo', '/pJkBfxuifYtuigcjM8qnvNklZNX.jpg'),
(37204, 'David Warshofsky', '/pLABX1wyaVE4CcEZVmoM2Y5XbQU.jpg'),
(38312, 'Wolfram Koch', '/lNlMI7Rkd258V6aUyM1wRClq7FS.jpg'),
(39126, 'Bai Ling', '/4NB0MRVFjwutFQCPy8kbq6MEFrb.jpg'),
(39459, 'Hayley Atwell', '/zM53P3iVyEnRNEeotU4vCCv13II.jpg'),
(40066, 'Jason Lockhart', '/oMv3Zh8DazaEFmz76oYp65OV4Lr.jpg'),
(40275, 'Tim Guinee', '/4ceLJK0hD8DhRBARGxfodluK8Bh.jpg'),
(40445, 'Katherine Justice', '/17y0DmMxswYmv30wol0vYI884Ow.jpg'),
(40692, 'Michael Bornhütter', NULL),
(41250, 'Dick Sargent', '/gMTyoOSBdDdMoITSmM8IgkHYfyc.jpg'),
(41279, 'Gregory Walcott', '/tOKACaAYyPjNcVbHGIKhZwJ4wB8.jpg'),
(41561, 'Kenneth Choi', '/ycHOQV42jsYXoWMaobKTzGXy9g4.jpg'),
(41782, 'Manu Bennett', '/vSIWn2lQuk0fRe6faqusZCiMSWz.jpg'),
(42259, 'Eric Masterson', '/9gej1Owbbt5YQWjiUYsFXvjphD1.jpg'),
(43366, 'Ann Dowd', '/k7c47mgCFos0ng1Sr1VF874MaqA.jpg'),
(43373, 'Aaron Himelstein', '/rIZXqniTmZ2FE6YvCjRJESycW6P.jpg'),
(43553, 'Jerzy Skolimowski', '/2gAkOxAf9sgr6RtXQeUSPu15kFx.jpg'),
(44060, 'John Posey', '/sUk2tKOWTAkYAxMZ0QfhxdzboJf.jpg'),
(44766, 'Titus Moede', '/gUJZghvgdz9omulOcOV7oGnPtD9.jpg'),
(45308, 'Ken Swofford', '/gi5OedNwbCV3yX7GA9sU7eFJp28.jpg'),
(46423, 'Olivia d\'Abo', '/sQTqkjNyUSl25cIDr8xhjmO4DhA.jpg'),
(47918, 'Анатолий Равикович', '/lgY413qHAGSc13z89PRLAoDKH8a.jpg'),
(48810, 'Scott Paulin', '/cGSy2R21wL02JzTbEQl4DxyMDNZ.jpg'),
(49357, 'Bill Mumy', '/pxjz9MOh1PMGV2SYu2hw7cmpO9e.jpg'),
(49365, 'Jan Pohl', '/fhocjLktbOkHloFjQ3yjw2qNpPW.jpg'),
(49767, 'Frederick Lau', '/4ukrX8OPPsD06YMFoTL00uZrwa4.jpg'),
(50708, 'Stanley Kamel', '/pmfN39Ib3V8Y12tZCFybiLvIMJ6.jpg'),
(51072, 'Kate Mara', '/rwyzVP1Rm6Hev9lTXAdjvNQoD2N.jpg'),
(51303, 'Jeff Wolfe', '/mrbVMbf2IOKP9hzxH9rBZk8Vyp6.jpg'),
(51329, 'Bradley Cooper', '/DPnessSsWqVXRbKm93PtMjB4Us.jpg'),
(51663, 'Sean Gunn', '/72EeniY2lnlXLRvL34LnU0skfe5.jpg'),
(51878, 'John Kani', '/g7tqg3q128a5O2qXMCwVnXsow9I.jpg'),
(52398, 'Mikael Persbrandt', '/ppJ6sjgdqzLt5gN5YqqBD1IVxbu.jpg'),
(52760, 'Alan Dale', '/3BcpSoKBOwHX0wxaPZpOJ5buO89.jpg'),
(52865, 'Garry Shandling', '/zGjPMqSqtZtP3npd5fhm7MYqxIU.jpg'),
(53393, 'Zane Weiner', NULL),
(53650, 'Anthony Mackie', '/kfTwOYr3iUucmYz8kPjhYy07G2Z.jpg'),
(53870, 'Jörn Hentschel', '/1gl3p1HRznFY7dCkMBzUjnyxPFM.jpg'),
(54809, 'Marco Khan', '/mZhRtwJinLGh7a6R0qcwK7sBeEs.jpg'),
(55470, 'Dominic Cooper', '/wFPdARerxpaAaHucYGTSNqViWpn.jpg'),
(55583, 'Lex Shrapnel', '/yO3DCrc8aOO8orKGn1QcuGHbIFv.jpg'),
(55638, 'Kevin Hart', '/7OwsFfoxNGIfWwSmdORyB7v8XNj.jpg'),
(55934, 'Taika Waititi', '/aH6MgwFhomAPNBRPyO2fhpU5kbk.jpg'),
(56448, 'Jeff Chase', '/Ahj74X5BioIUDRhdWD8i43j0pXM.jpg'),
(56758, 'Andre Ware', '/ukimnb2sfaZFSax8XqskWyLgoCc.jpg'),
(57451, 'Leslie Bibb', '/g3a1O9lOTZvrwQupUtg4Fc3CdTd.jpg'),
(57452, 'Faran Tahir', '/dMsD7h6KiZ5dM0f9MegXUOKnqb0.jpg'),
(57563, 'Elon Musk', '/i5a0XRXLfu0meGB3g5Sy4qP8pY.jpg'),
(58475, 'Angus MacInnes', '/ohnzvwVY325aGIcHUp7YUdaZPp0.jpg'),
(58502, 'Natalie Dormer', '/sbYSlVPsNny0EpFJYkIVDxuv7ol.jpg'),
(58769, 'Stephen Colbert', '/zQ6pvfqIqYiV4TB7lDoaJL52H93.jpg'),
(59675, 'Mel Rodriguez', '/wwvthcEDo6WHOHumcoh1tT1IaoB.jpg'),
(60073, 'Brie Larson', '/fadH8VTR6yEoUyU7IiEAYimxxtK.jpg'),
(60120, 'Tina Benko', '/oThs7WpSLtjrlDis1nu93CWp2PR.jpg'),
(60279, 'Fred Tatasciore', '/cKMuclPblMvQ4JQMN0nYKvb5ylu.jpg'),
(60349, 'Ryan Gage', '/rPeYxW5QrgI68TTaoP2iK8NfCW7.jpg'),
(60846, 'Pat Healy', '/gWW97trwxTAi1nkY4CY1jNFMP5z.jpg'),
(60878, 'Warren Kole', '/rwJHDXng0zn4QWhAP36tfhkXWjt.jpg'),
(60898, 'Sebastian Stan', '/nKZgixTbHFXpkzzIpMFdLX98GYh.jpg'),
(61144, 'Reb Brown', '/qffYtpWE8PmbTpLlEuhh2YUG7Gl.jpg'),
(62037, 'Eileen Weisinger', '/oEoEMzdFg4Uj8W3bKHIGPki6PSA.jpg'),
(62064, 'Chris Pine', '/mi00EsvrAebidnEYK7LZxgbKYyH.jpg'),
(62105, 'Kerry Condon', '/5sUJoph3b9qwOUXhCss7meBjE49.jpg'),
(62318, '三木眞一郎', '/yL9Tx2HZgK7t5AssYl6oGE9bjdj.jpg'),
(62561, 'Tessa Thompson', '/7IDARj5sBzK3xlAQ6YSbNflBZIv.jpg'),
(62843, 'Meera Simhan', '/a3jlqceytGYNg4iG4oMAxWLNV6N.jpg'),
(62892, 'Anatole Taubman', '/A7B7POXpFyNg7C36fGxVc4EiR2W.jpg'),
(63544, 'Steven Culp', '/oTD15Qg74sPV2Sj082pNMJ54Y0b.jpg'),
(63566, 'Michael Adamthwaite', '/J9R1DkSkmGDioXJmHIMg5Vt8pb.jpg'),
(63629, 'John Patrick Barry', '/zuYd4J5c4BC1pF2gJtpHL3LxKOu.jpg'),
(64451, 'Lynnanne Zager', '/gLQFDGo0l4d84BA5gdLWA13WD7k.jpg'),
(64811, 'Mike Farrell', '/qfbWM9PEAEAeSXvJwm399ucjgxU.jpg'),
(65994, 'Andrew Lau Wai-Keung', '/jeOcDd8zWKc4nYk9MvRS3FKzuc2.jpg'),
(66525, 'Jesse Garcia', '/eyPXWMPoJATwiOW40uJ8Kk1irM7.jpg'),
(67123, 'William Kircher', '/obiWbH0vUkXUFrRDhDjkUWM7tvp.jpg'),
(67126, 'Timothy Bartlett', '/orUddtbh4PM2YsBW5pF9f7xkhR.jpg'),
(71189, 'Cobie Smulders', '/aMvuD7RkxzKxGDifN9b1jTzHYVi.jpg'),
(71535, 'Tom Kane', '/sq49aVP56G50Nr5kCL7Ove6Z9jE.jpg'),
(71580, 'Benedict Cumberbatch', '/wz3MRiMmoz6b5X3oSzMRC9nLxY1.jpg'),
(72095, 'Lee Pace', '/6X95ZEcuDeyGMY2BVD9xVypzaWb.jpg'),
(72838, 'Beverly Lynne', '/5Ez1mCZvrWKqloksTvyvi84Zb8n.jpg'),
(73457, 'Chris Pratt', '/83o3koL82jt30EJ0rz4Bnzrt2dd.jpg'),
(73641, 'Christiane Amanpour', '/spzTbmvr8SVMf06HPyLVg2St35L.jpg'),
(74070, 'Nana Visitor', '/nxQz38SIweupYuHdcsYvGn1v58H.jpg'),
(74289, 'Amanda Righetti', '/glAhErOplmToSjCf5QB8mjAnuXt.jpg'),
(74370, 'Nicole Oliver', '/plAsVfhTrYaU78JrZbJSQ4uXpX1.jpg'),
(74539, 'Colin Ford', '/buEZAcRMOArIHSq0VsIVBno69ra.jpg'),
(74568, 'Chris Hemsworth', '/xkHHiJXraaMFXgRYspN6KVrFn17.jpg'),
(74750, 'Georges St-Pierre', '/1gRSxCOOf9jxJdGtYNi5FPoXS9l.jpg'),
(75037, 'Laura Bailey', '/y2szEyFy7VFAzdQjMwN3fLwEDn.jpg'),
(75038, 'Roger Craig Smith', '/6oE356GbRHAf91Llw7LDpvsAf5L.jpg'),
(75604, 'Yul Vazquez', '/8AeBmhIMia6gF5PO5SF3PRznD3M.jpg'),
(76022, 'Patrick Brennan', '/dEJbh3gfwYMg5q0vdCpx9l3cMmh.jpg'),
(76234, 'Matt Salinger', '/6XekW5u9FAKKkEMiWmsyxCNcoXm.jpg'),
(76235, 'Kim Gillingham', '/r7Palfscdt6ob1UVTs4qJOwBkEZ.jpg'),
(76236, 'Carla Cassola', '/mzx7jVIzGOVQUVxXdvq9NVHQloS.jpg'),
(76237, 'Massimilio Massimi', NULL),
(76238, 'Wayde Preston', '/63VITHmgYfOCPSMXXKX6gMrvxcK.jpg'),
(76239, 'Garette Ratliff Henson', '/J9R9AU4rAPq9lhOpWdf9uemJuG.jpg'),
(76618, 'Rune Temte', '/6vfrlTNDyHhMgzFMzmg0IbOmHM2.jpg'),
(76621, 'Will Friedle', '/Ao3fp9f4loVQ1Vvk6ph8HU5p0Lu.jpg'),
(76799, 'Rey Hernandez', '/A5sN9Mr9uKvOmqz0zXTiMge7lVS.jpg'),
(77335, 'Ben Mendelsohn', '/pA9mu9D2IolVA0v2Yo0tJm6uUyI.jpg'),
(77824, 'Tanoai Reed', '/di5gbrd9qWCvcJM5xtJWO2t2b76.jpg'),
(77927, '緒方恵美', '/eNdfMUyZgG5P4TNIZpbTAu8gBs9.jpg'),
(78020, 'Mitch Cohen', NULL),
(78299, 'Tom Morello', '/gTN2tWZkatEvbVmBeurA5LQYlR6.jpg'),
(78430, 'Julianna Guill', '/3gTII5sbddnmbxReiqsT2HfFPQX.jpg'),
(78437, 'Stephen Rannazzisi', '/wKMI8bINTvNBC2hPG9Kvfgmm6k5.jpg'),
(79079, 'Jamie McShane', '/wojvRZMpAwytyoFTMFOpvZ26qJq.jpg'),
(80112, 'Sylvester McCoy', '/y7spOkUTzwf7WYgeGeNMnvBjStd.jpg'),
(81364, 'Olivia Munn', '/iDQjE8DesSGpoIi3l6mx1YoOuI7.jpg'),
(81685, 'Frank Grillo', '/br2nPzelch2Tb3pZHnYAbXng7cz.jpg'),
(81693, 'David S. Cass Sr.', '/tSo4s2Hb2UficxzMqU26bJhwg7i.jpg'),
(81860, '折笠愛', '/xf4lLRQJYrhZAkVuPqZqII3HbM3.jpg'),
(81866, '中村大樹', '/c4mmhN3Sq8YYFT2CuOpgBP0pCPb.jpg'),
(81877, 'Mark Hadlow', '/7F4xB8CsTBbDK6IoYeI2QynAJ1u.jpg'),
(81878, 'Brian Sergent', '/3qlmNIsNNtSMUkLuLnoGQhuG71j.jpg'),
(81880, 'Peter Vere-Jones', '/dfVJn5bRpK5qRnxNoloRf8xSHrB.jpg'),
(81957, 'Alejandro Patiño', '/7z7QrMTX4rh4jgKpzJ2mJPQ9HAM.jpg'),
(81959, 'Alicia Sixtos', '/4rUAzmYXQM5oFQ0lChuk7s7Api9.jpg'),
(82013, 'Kimo Leopoldo', '/hztVGVHy9ql8uKLsnW2bRBG4UIW.jpg'),
(82104, 'Danai Gurira', '/wpvo1vZosUOSRONP5u8SxrCY18s.jpg'),
(82779, 'Vito Scotti', '/zDGtXkASxpo3DzMNz6OI3NOp9v0.jpg'),
(82816, 'Trevor Devall', '/iCFqgVzkhLkMOw9DKmUmfQ3OyCZ.jpg'),
(83105, 'Debra Wilson', '/3anRgUtqohXRNM6HtwGl1ZFgCS8.jpg'),
(83274, 'Rachele Brooke Smith', '/7BscihtFdWG1Mntq1L3IO2hj5g8.jpg'),
(83586, 'Ken Jeong', '/dfuDZ2m2A8nBb0TdyeqmlPOobJA.jpg'),
(84247, 'Emily VanCamp', '/zTl2KVglr7D7jnBLjbqe1BbbJiV.jpg'),
(86007, 'Jim Ward', '/yQklzBUmaHbcS00DXq73J1HYUrE.jpg'),
(86157, 'Rashmi Rustagi', '/45ePs8pKwHcRTLuoW78nkF6KpPc.jpg'),
(86381, 'Algenis Perez Soto', '/pUCNFbXpXuEelbrbiOo52vG3daa.jpg'),
(87070, 'Michael Chernus', '/Df2ZE3P9BiXawPtewinxLPNAu2.jpg'),
(87128, 'Kenneth Tigar', '/jgM0z7LUX5fOYkbKjZ1UVM6hcUb.jpg'),
(87174, 'Justin Gross', NULL),
(87175, 'Nan McNamara', NULL),
(87176, 'David Boat', '/rzYRbsoWnbFySnW3nSi8S3kZ6tt.jpg'),
(87736, 'Brenna O\'Brien', '/uELRo1iat97rVeyBxCrpqy6v1OR.jpg'),
(88098, 'Derek Hughes', '/uIlgDCoRZYKbzjBYUSrMQp9YlGu.jpg'),
(88928, 'Nelson Franklin', '/2YYnTxpFmS5i9qRkb6H4Nxky2px.jpg'),
(89599, 'Eric Bauza', '/afOlsVPQxbtkom604MeCemjlwEV.jpg'),
(89809, 'Bobby Darin', '/2IsNBGiXSnPkxlj39zFXOknuJpu.jpg'),
(89832, '東地宏樹', '/bU2vogWmnTWiQEwUADWlnBqAPhJ.jpg'),
(89966, 'Liam O\'Brien', '/ko7Bba6fQEaAbVFAp1kQHTzuYCp.jpg'),
(90137, '檜山修之', '/yxAzBPZGSzec9rtulmORY84ijzT.jpg'),
(90515, 'Blerim Destani', '/4ARDhFyd6KYLcIF1na8qrDiPZCZ.jpg'),
(90721, 'Zorianna Kit', '/hk5aQ1CzmupFoPl1cTploSUFiQ7.jpg'),
(91042, 'Al Cerullo', NULL),
(91606, 'Tom Hiddleston', '/mclHxMm8aPlCPKptP67257F5GPo.jpg'),
(92027, 'Kim Little', '/uDw7WsQcrwLtyvwFimtVfrOTi9Q.jpg'),
(92189, 'Doug Swander', NULL),
(94075, 'David Soren', '/8tpISIgfN3sdV2oZIYW8ol6m8xa.jpg'),
(94864, 'Max Martini', '/gehOxb2cgNjcRnbAxaCUnFFJvAY.jpg'),
(95047, 'Graham McTavish', '/9IjPwv7Vb4QygA1cPSX179oqjsT.jpg'),
(95698, 'Kevin Foster', '/x2HRAzaFtIPUnuuX4GjOukyg0O5.jpg'),
(95777, 'Bill O\'Reilly', '/bF6nBYSg1aZdB7R1CpCMw84saQj.jpg'),
(96309, 'Chase Masterson', '/tCev4tcCGNBfGP03AadjWj1F5ZR.jpg'),
(97505, 'Jack Gordon', '/1skyaFtWdXkQqiG164kbQEBKmuW.jpg'),
(97576, 'Gemma Chan', '/lm2FKwj2zO8ZsqMNFHm4KMtlNlM.jpg'),
(97844, 'Robert Pralgo', '/lF2UcQemojihJM4XlLGkWEEsJuJ.jpg'),
(98329, 'Mark Torgl', '/fdMY5QNNuD35fl5R2IUiK10beXS.jpg'),
(98330, 'Rick Collins', '/xieJXD1TqsM3WaBtwIAkRYSFRWf.jpg'),
(98391, 'Nickie Bryar', NULL),
(98429, 'Jeremy Maxwell', '/haG5rF1ogYIsQpIpAQ74Q2P1ek0.jpg'),
(98626, 'William-Christopher Stephens', '/vXePrP9vsVLgnVcUbr8pmD8076L.jpg'),
(99285, 'Николай Караченцов', '/4hul8dvAh1YYbPEKc9yrUaMbeC0.jpg'),
(99687, 'Zhang Hanyu', '/dhieL9tW25vBHjqqwElxPzWaWpQ.jpg'),
(101015, 'Chin Han', '/3XJXmYm6r4Hvm3izOArU58fhQrT.jpg'),
(101034, 'Kerry Shale', '/7IrOqC44j27MtUGjn3UwB2FRFWK.jpg'),
(101037, 'Christopher Maleki', '/7X8ziMt2wm9atI9T6sEWEShutie.jpg'),
(101088, 'Matt Lasky', '/gfEcNF5T1V8Mrpu6auGuLwiWrBz.jpg'),
(101247, 'Adrian Petriw', '/3jbR14GEKoUCbrs3NVmQw8eWRvu.jpg'),
(101522, 'Walter Perez', '/57w97q9MQNv0Zxkaf8blO1xRjKQ.jpg'),
(102744, 'Monique Ganderton', '/kBhk7VQr42ge3g5iuLXsbpgWeIa.jpg'),
(103898, 'Jeffrey D. Sams', '/tEjdUfCEiX7ZrPm2HTGs5Y1Sn7V.jpg'),
(104593, 'Gary Schneider', '/hGMnDl2zmWifmaP2M5EPiAheF0r.jpg'),
(104669, 'Gerard Sanders', NULL),
(105584, 'Bret McKenzie', '/xnoo95JB2XLdHbsYWHfUL7WkpIW.jpg'),
(105829, 'Connor Trinneer', '/tccLxyVboqzeK3Wf2daq1BavVmB.jpg'),
(106217, 'Jason Alan Smith', '/jA8Azl17xpTvPMltpeev1MT6zdF.jpg'),
(106506, 'Robert F. Simon', '/3pIfE1s5WxdAWlcAnpPR0X4HpiH.jpg'),
(106950, 'Ken Kramer', '/h28DLk7vM9dfMooj0cZkpIV3Gra.jpg'),
(107069, 'Jack DeLeon', '/o5cvTIWJ5S8iiX1Wx65z8LTUtqv.jpg'),
(108620, 'Amanda Walker', '/g24boQMXNvZzWDKMPZFFs4x4h5f.jpg'),
(108725, 'Jenny Robinson', '/8X1wHninVDiJyXd8wruqI94Msw4.jpg'),
(109565, 'Xosha Roquemore', '/g0CEVYlW5IPqBmouiIOJD7OdC1Y.jpg'),
(109669, 'Fahim Fazli', '/hNjSzr3quACIMwotRaRM2yKi9fU.jpg'),
(109869, 'Kristen Schaal', '/s3LSHVTx8gxHP2twYsXEGa8JbLl.jpg'),
(110035, 'Иван Краско', '/9Z0I4NDgIvDRqcAB74Ny48zma02.jpg'),
(110665, '浪川大輔', '/iw0X8oDutxaBAri3Ifga8nhdUJK.jpg'),
(111513, 'Yvette Nicole Brown', '/ghdt5K3noAdmWV2YFLWegLRuK3T.jpg'),
(111678, 'Thomas Middleditch', '/2c15BQ6DWSiDSBTRjvdsp8X4AAe.jpg'),
(112135, '菊池正美', '/K04o1MqKbw5Vxjwe2WoKKCsrcV.jpg'),
(112219, 'Michael Hickenbottom', '/dZ77iyoHzPZoQn8Tfr5wHHjFCb6.jpg'),
(113676, 'Helena Mattsson', '/9b3ZG8KoEZA2MlVIyE4hGH00Cr6.jpg'),
(114019, 'Luke Evans', '/qUkYJcrDc4M0LHNYASs30luFvw0.jpg'),
(114631, 'DeeDee Rescher', '/7aUoUhzLIbygrvforMJ9i2HB0xG.jpg'),
(114634, 'David de Vries', '/5dhZVrTfNFpJZP5qvbiaaYrC7Z4.jpg'),
(115343, 'Connie Sellecca', '/q05JJcAJjC51Jh6Jd50AqYUWrrE.jpg'),
(116969, 'Gene Farber', '/y2wTbGql1qveGesPHU1SRUBMwkc.jpg'),
(117190, 'Jon Sklaroff', '/f2sObKMPWfp2uA6rWQg0IeA65cl.jpg'),
(118128, 'Greg Hildebrandt', NULL),
(118129, 'Tim Hildebrandt', NULL),
(118617, 'Nicholas Woodeson', '/93eFzIXmVlfJnR34TZSC0bVb1bQ.jpg'),
(118755, 'Keith Middlebrook', '/oJxdjmFtLDyoMINgVYPRU2jPfDJ.jpg'),
(119450, 'Sai Gwa-Pau', '/jSdFGc8190ZrH2Dz8whlEhxzybG.jpg'),
(119590, 'D.C. Pierson', '/2lkMjehEYAKoJCE2Zn94gXjTvcf.jpg'),
(119655, 'Chiang Sheng', '/iISGpovk4SbEJoYKO5F3kovqeZt.jpg'),
(121711, 'Koji Tsujitani', '/7NTqy1dhJUNYjMAFqB5j1lNaar.jpg'),
(121712, 'Yoshiko Kamei', '/pu6kYlvDZw9aCoHQiemH1yLDxd1.jpg'),
(121742, 'Justin Castor', '/fT1sN3uHcwDBaZObFOeAHc6Rqwq.jpg'),
(122286, 'Adam Wendling', NULL),
(122338, 'Omar Berdouni', NULL),
(122502, 'Hiro Yuuki', '/43cFuuWhqTvXyHJj9bhMkEKTquU.jpg'),
(123496, 'Ben Batt', '/feQ5l3tWxxxzHA6VncHIZs1Q6Pi.jpg'),
(126667, 'John Bell', '/mqAAEgGjqbInINb99n5wYNxLYwr.jpg'),
(126690, '大友龍三郎', '/fk3ebYlTjILTXkzJNvOi3SRUNb6.jpg'),
(127453, 'Conan Stevens', '/t0yJVjekKzNhM6p7UjEuXA10tgJ.jpg'),
(129220, 'Arthur Rosenberg', '/t9O9LFof5DJoWLOmDHXQm8bl8e8.jpg'),
(130115, 'Alexx O\'Nell', '/bHMSI8fDQpVMjbdzu2trX6T9bgm.jpg'),
(130862, '高戈', '/aQmMJfkDiMRC9FH1JPlxuYGqPMA.jpg'),
(131258, 'Janagaraj', '/tYtzehaD4QhVYWG5gadcEFIAON1.jpg'),
(131725, 'William Lucking', '/3NLWAxgKYUXvl56x4XworHNer0f.jpg'),
(131814, 'Michael Brandon', '/shu4u0fhClTuqcYJx9O8CTT2WrW.jpg'),
(131822, 'Rileah Vanderbilt', '/6tsH27Hh57sp58iR3uRwVYe68lZ.jpg'),
(132093, 'Nick Manning', '/xYtEGcKahgb4IYz9Ndwl5e1n6Gs.jpg'),
(133121, 'Patrick O\'Connell', NULL),
(136104, 'Len Birman', '/7GuXOQXUVafIkW1goUMDfwGBov4.jpg'),
(136921, 'Patrick Gorman', '/emmEX5N1ckdPKMSjpDCqtSG6AQE.jpg'),
(137389, 'William Mims', NULL),
(139744, 'Ed Brubaker', '/dcXApNLVHS9DHvRTVF238WSgLc9.jpg'),
(139820, 'Pom Klementieff', '/hfUKAI2kXTMMWjno0i4sLPJud5N.jpg'),
(139900, 'Florence Kasumba', '/v7armAbV6haib0fTl6ZktTUMRmg.jpg'),
(141530, 'Noah Crawford', '/c3R1GuH9wzKUlyZIM8f6uzY0lG9.jpg'),
(141549, 'Shaun Ryder', '/nmqp3x3MTrx112ytatagFOn2lmw.jpg'),
(141550, 'Michael Godley', NULL),
(141551, 'Richard Lumsden', '/vFdmJQgFiybrDy88iMvYwv8uI6x.jpg'),
(141697, 'Ranjitha', '/yo0SEaEXg9MBq95l9XObeEjg47Y.jpg'),
(142162, 'Michael Russo', NULL),
(142213, 'Nazanin Boniadi', '/ftBadbFBgRZJcWn9YfbPv8Btyg0.jpg'),
(142519, 'Christopher Godwin', '/yrhPkJY9oafkA5GipMZajVP17wH.jpg'),
(142870, 'Terence Anderson', '/8Haf1dGddXzvvpNyjYU3Rg0j1L2.jpg'),
(143346, 'Keith Ferguson', '/8EvTlmOhP34EZFEGsznqjbr4o4q.jpg'),
(145161, 'Bruno Ricci', '/5TEcxfaGk0JQ7okScyJt9ujTWM3.jpg'),
(146411, 'Dominic Rains', '/fOTgkYQWryERySm6nX4wkfjRx1H.jpg'),
(146750, 'George MacKay', '/agJ3u6vNmXyMhQo7qB3I1kXOEIY.jpg'),
(149776, 'Marilyn Brett', '/hECTt6xg2Le2iYTyFCe2M3pBhs.jpg'),
(150194, 'Damion Poitier', NULL),
(150669, 'Micah A. Hauptman', '/gOFfdRDtlz9XBlD6skGJzhhj3Id.jpg'),
(150739, 'Thurl Ravenscroft', '/bG8r0mdyU0lvhllYAAjRAJupWqq.jpg'),
(150899, 'AngelaBaby', '/gbnjGrNhlvGu1sXhcm0J2IW0orD.jpg'),
(151537, 'Paul Lukather', '/2m7AgttbYdbYEGPDUBQjl41mnPP.jpg'),
(151644, 'Larry Storch', '/jg4W842FpPMgYe6bO5TtiB59Ebp.jpg'),
(152566, 'Dean O\'Gorman', '/2goR6GBeQey7EkTmLufrEi0PZcb.jpg'),
(153694, 'Bethel Leslie', '/779HRFd1sk7x1aKvfZtiYmmKKEi.jpg'),
(156240, 'Andrew Craig', '/xPyIw4UblMT5X4veWPvubkZUILE.jpg'),
(156342, 'Romy Rosemont', '/dzhrqpUa7W6lVjuigj0G28WrHQz.jpg'),
(156739, 'Bernard White', '/yW1MG2BHGBWxIAQ7F93TFtUNUFv.jpg'),
(157198, 'Ted Bessell', '/f1T131RySBIBDg3HBRCIfJQIcn3.jpg'),
(157213, 'Sam Reese', NULL),
(158322, 'Kerrigan Mahan', '/nms8sNmjLhEJtbbr5Ji1fPebudi.jpg'),
(161932, 'Jim Rash', '/cXat9HZ5ajQZsrAZ8xE4zIEVEcb.jpg'),
(163325, 'Ron Brogan', NULL),
(163671, 'Will Lyman', '/ymifKdrtMFEZVYTvOmYoshPg7HR.jpg'),
(163768, 'Taylor Patterson', '/4VmF0hnLNHcOhvZvwitBV8fFxrR.jpg'),
(164040, 'Wendy Hoopes', '/rOjSFSVVifud4qr7Kl3VA60LNtm.jpg'),
(167756, 'Dempsey Pappion', NULL),
(168246, 'Donald Li', '/5m4sBKHMSnKjZLbO0K8p0Cr48J5.jpg'),
(168925, 'Nadine Ellis', '/gPOmQXlC6VhmyJPwwaOcb8cnlw9.jpg'),
(168996, 'Kendre Berry', '/wL7WAaoTuwiVueGFhqxRsVAykVC.jpg'),
(169642, 'Gabrielle Tuite', NULL),
(169681, 'Lana Kinnear', '/50NQTcpWlddverzsWmfQkYD31l2.jpg'),
(170317, 'Dave Fennoy', '/1azEou77GcmST8hYJmV30PhAyO6.jpg'),
(172069, 'Chadwick Boseman', '/nL16SKfyP1b7Hk6LsuWiqMfbdb8.jpg'),
(172696, 'June Christopher', '/2qKwPPLiDcpz0W3BxdCXOCZWLSi.jpg'),
(173451, 'Jed Brophy', '/tMLPV314du8eoumIipLFgn37rTe.jpg'),
(173810, 'Sayed Badreya', '/sVvwmMsjXd5YqyZEfWcWQEkBScu.jpg'),
(174727, 'Lesley Nicol', '/yYSsFAMn7rETaZ55Xsewx1CzHrW.jpg'),
(177225, 'Mark Bennington', '/kr1Nv0Q2cZEO4wVRFrUzdoXtM01.jpg'),
(179012, 'Abigail Marlowe', '/2hsCcJ7UFJ1Rw66mv8KQMlvsYy2.jpg'),
(181895, 'Adam Harrington', '/1xYvDhukAq8C9OOK1HEaCjiEEVC.jpg'),
(183037, 'Stacy Stas Hurst', '/m4cvg0w81JrGJAeh36VrvBdTv2D.jpg'),
(183439, 'Ahmed Ahmed', '/5sMBJ8KhUFfk1r6dFqUlxTwMrgC.jpg'),
(185999, 'Louis Mahoney', '/u1Z8gQfU16zPcVBkabMyPfPNohk.jpg'),
(186341, '沢城みゆき', '/3l2HIkVifapvSPPGYZO4oI5snXk.jpg'),
(186573, 'Zack Duhame', '/mI6sdZQaeHDi3jXinS4g1jizywk.jpg'),
(188758, 'Arthur Darbinyan', '/iwl8jHiDFWDGMDN6VWSmPZh4Ktb.jpg'),
(193946, 'Mark Kubr', '/cKirtLhuKfYWgb0HHUO2yLIdyxZ.jpg'),
(195442, 'Russell Richardson', '/9dZ6uNryhNEE72unqGU5J45mUQh.jpg'),
(197151, 'Syl Lamont', NULL),
(199664, 'Dick Martinsen', NULL),
(201883, 'Phillipe Simon', '/kBlKF87X1mnLfBKWmUVVHCLVL1l.jpg'),
(201951, 'Jee-Yun Lee', '/X6l8iTTiq8MQY0XyfA3dCJrsKU.jpg'),
(202930, 'Anthony Molinari', '/8Gl1b5Y7QLrdv5vvOwAmJk29joM.jpg'),
(203468, 'Jim Cramer', '/1v56KVShWKhOQoICHS4E9OtSSGp.jpg'),
(203541, 'San Shella', '/anDhjCtsRekQYAUf1CS647Qp2pm.jpg'),
(204606, 'Ben Newmark', '/wvawbh6GAriqM5yM0B8MnzQEZUP.jpg'),
(205179, 'Danny Pudi', '/w0zT8Y2dQHU8FgV03NJoHJE6tmD.jpg'),
(205362, 'Marvin Jordan', NULL),
(205406, 'John Tui', '/2jIc9M5kl2GmK8fZtbtUr2s1jkS.jpg'),
(205427, 'Mark Mitchinson', '/dBnuglswEEKSQk6kxbSd6D1uS5j.jpg'),
(205720, 'Jeannine Kaspar', '/jnIAe92XC4pIlSWzhQs1C0QoDN7.jpg'),
(205797, 'Maria Dizzia', '/sMsBH9o1kuFeVgjX2QoXvxccKJQ.jpg'),
(206423, 'Sahar Bibiyan', '/7SlWvJbXlnwbMeJSWMdzmI8wRAC.jpg'),
(206532, 'Ben Mitchell', '/5nqioFJ6IcfhsJL4N6gxvng38sN.jpg'),
(207558, 'Aidan Turner', '/psakQ7qfiXbaotiYNIk9sub86sz.jpg'),
(208056, 'Nicolas Pajon', '/s44LWamSREudJR93K7fcVelicgL.jpg'),
(208096, 'Adetokumboh M\'Cormack', '/p8yvhgwB1L9JlKf2mhRjgwIQsei.jpg'),
(208296, 'Callan Mulvey', '/wJ8P1yNVmkx1PS1mc6Pi48tphfG.jpg'),
(208519, 'Nick Kroll', '/vdgpGtSXqTBnIKrKNMZocdFu7pX.jpg'),
(209125, 'Brett Gentile', '/gpUH0dEeKDyh1Vr32kctU4DUFMY.jpg'),
(209578, 'Laura Haddock', '/6kRUvA7N3pMzznG9PdiqCOvxhGQ.jpg'),
(210154, 'Mike Miller', NULL),
(210292, 'Anya Monzikova', '/mVxsN62OwP5NtjgYzvehHFD9zVn.jpg'),
(210842, 'Ricki Lander', '/3iWPWWKmRvF48ShpTcBhb4IxMzb.jpg'),
(211937, 'Tiffany Espensen', '/srxz35x7Xxe7JxHeHzX0cRNF3ON.jpg'),
(211964, 'Christopher Stadulis', '/oxANKnjL2Ro7NwtxAzAODNMgPHY.jpg'),
(212003, 'Ethan Dizon', '/2Zqioe3D9Yb4B8dMUcea6Cy6aoQ.jpg'),
(214951, 'Frank Nyi', NULL),
(215395, 'Aidan Drummond', '/atlly2oEm9ng6baREYcIuZc3EYN.jpg'),
(215913, 'Jacob Tomuri', '/f0jPDz0beDrLsmXWAnfXZqwHqFO.jpg'),
(216601, 'Michael Bruno', '/hu8UlD9ECnXsjkG0grTKDn7Dveb.jpg'),
(218347, 'Marc Anwar', NULL),
(218520, 'Ryan Sexton', NULL),
(218563, 'Jeffrey Thomas', '/10ip8Fxn0LuVbsQiGjskw3hmXp9.jpg'),
(220787, 'Shawn Macdonald', '/tBDcAI3h0T6IHK2ON2Yupwq4jNy.jpg'),
(222339, 'Masashi Sugawara', '/58SYHyoQmGnHCrKFh0tZ1lTF7ge.jpg'),
(224454, '手塚秀彰', '/9zJhLamvMx9cUgBAl8i0lmXUfo0.jpg'),
(228121, 'Laura Post', '/q95vgGRfaweU7ro1O4VA7KR11RY.jpg'),
(228234, '皆川純子', '/vylNOlXVmYFW8TJgq3Dvgoq1dy5.jpg'),
(229303, 'Phillip Chung-Fung Kwok', '/l9yEDDylyfFrSotUoobysptdpct.jpg'),
(232256, 'Amelia Morck', '/dYmwHcHAVcYwEmQ1k8j9MVMkrE0.jpg'),
(234544, 'Cassandra Cruz', '/hQ94FSozfOmsFOfXA9kzazBgUVa.jpg'),
(236696, 'Terry Notary', '/nYs1Sd11czZNwcDyUYdHPwHHIRO.jpg'),
(237286, 'Zinoviy Gerdt', '/qNTwgbmN5rvwkZN0hZYz2UufdEk.jpg'),
(237629, 'Sarath Babu', '/giugWi2EV6GYxmrkn4XKgyvjRGp.jpg'),
(237683, 'R. Sarathkumar', '/x2Bx2mxOvgvRzaLFlpKNGmKYkK2.jpg'),
(237697, 'Raghuvaran', '/z6IJ61kEaU6cjBHVX2eqxL2nnMx.jpg'),
(239279, 'Stefan Feddersen-Clausen', NULL),
(240024, 'Nick Blake', '/eC9GDVX5yo4BPrbF7Syhf6xaDVz.jpg'),
(240828, 'Hafid Abdelmoula', '/unSImMgws6EWylH8h3YsCgC1FGx.jpg'),
(291263, 'Jordan Peele', '/kFUKn5g3ebpyZ3CSZZZo2HFWRNQ.jpg'),
(375719, 'Jimmy Ray Pickens', '/3PlKbLyhv9CEobL2oVxwS7gBpzJ.jpg'),
(523533, 'Luke Allen-Gale', '/AfwNVmRBSEeKbiRJv9KLSB1dnG2.jpg'),
(534336, 'John Callen', '/edTl1JXe8v0eMLE5uYxuUZaxozZ.jpg'),
(543261, 'Karen Gillan', '/kFLXcFdok3ShDxylr3WNreQphQm.jpg'),
(543530, 'Dave Bautista', '/sAeWLLUFEVggkLjrnkI6NiUMtLO.jpg'),
(543724, 'Lev Borisov', '/gloKCPpeIAjwr8g9HZDE5RY477X.jpg'),
(544776, 'Jan Georg Schütte', '/2D6fZlLQEKxsRbR7P1cNL9aJ69F.jpg'),
(544797, 'Chin Siu-ho', '/6Xs2S8kF3pwDLXDmik02BwEmeCR.jpg'),
(549087, 'Steve Restivo', NULL),
(550088, 'Akari Hibino', '/1uU95ziw8A4WY6obbyARvuH0QuZ.jpg'),
(550165, 'Dhanush', '/xnGKntkTDURY5mJ0sOVRI3VIDsY.jpg'),
(550843, 'Elizabeth Olsen', '/wIU675y4dofIDVuhaNWPizJNtep.jpg'),
(551965, '有本欽隆', '/5hwTs6JJp6BEyyd26YBsrDX7pj9.jpg'),
(552600, 'Yuko Kobayashi', '/3Dq7JUi9x1kVwCf6l056Ji26nPN.jpg'),
(553282, '松本保典', '/jom50gJuqXWERzPtnRMRMlNe81W.jpg'),
(554432, '宝亀克寿', '/stuUwLrSOmQhOmNpO4kCrlu3ALF.jpg'),
(555065, 'Andree Maranda', NULL),
(555066, 'Jennifer Prichard', NULL),
(555067, 'Cindy Manion', '/quqsPk5LIOY4X4YKSFF0TcmYkez.jpg'),
(555068, 'Robert Prichard', '/hCaJz78D9upgUB75ie6Dadj0l8c.jpg'),
(555069, 'Pat Ryan', NULL),
(555070, 'Chris Liano', NULL),
(555071, 'Doug Isbecque', NULL),
(555072, 'Charles Lee Jr.', NULL),
(555073, 'Larry Sulton', NULL),
(555074, 'Norma Pratt', NULL),
(555075, 'Sarabel Levinson', NULL),
(555076, 'Al Pia', NULL),
(555077, 'Reuben Guss', NULL),
(555078, 'Kenneth Kessler', NULL),
(555079, 'Barbara Gurskey', NULL),
(555249, 'Ross Marquand', '/2CxkVPimin0c2v7fUK3MGjgEnLt.jpg'),
(560038, 'Jayaprakash', '/11g55pqwavrHBP09EQpUuJrllDU.jpg'),
(568304, '李沁', '/nvfphveQmMBJE0k2sz3j5jLLTmg.jpg'),
(568546, 'Oleg Prudius', '/vm35geTm0yagJnT6TLkmRabJpxL.jpg'),
(568774, 'Игорь Дмитриев', '/wEowPYPnNmC9HbPBR8cajgvRZfX.jpg'),
(570756, 'Silvina Buchbauer', '/mZYv7WL35v4Ig5C5R92OYgMnxsg.jpg'),
(571562, 'Steve Blum', '/cpO0muunoigq1WHegeOEI1AIQAo.jpg'),
(583885, 'Matthew Bellows', '/3BlRBqSqIGzUzv2SybyfKSVPTHD.jpg'),
(584238, 'Sukanya', '/kOiklXNQhQlePQZjqXw4WikmhCs.jpg'),
(586090, 'Larry Ellison', '/dPcMEnCiocjzUQk5HZEWtqvHKdR.jpg'),
(586621, 'Bose Venkat', '/dXmGP71AQ6lUGA3kd1xD7GexwgG.jpg'),
(590307, 'Kousuke Okano', '/pvu36juJjrNhWkexEE22C453fOJ.jpg'),
(590963, 'Marc Cassot', '/4S9P6Vdls0BPIpr4SH0EyDy9TDj.jpg'),
(592495, 'Ray Sahetapy', '/gdUidZ0pNdk1WERTDKOGn9UWXPT.jpg'),
(886142, 'Jacqui Holland', '/taR6weZmLQzuBHIIAa5MKXK4Xwy.jpg'),
(935610, 'Damian Ul', '/poH6uDntfpUWczxx3oe92HV1CN8.jpg'),
(939091, 'Ping Medina', '/abkcLt1mvnbG1yFF7AA8rYcWk42.jpg'),
(939869, 'Donna Evans', '/sfh8yXTzKrgqjrvFaBFCk8gLTM7.jpg'),
(944830, 'Daston Kalili', '/kPcyffHZuJ3whGGwDjWmVz7JNNg.jpg'),
(949852, 'Brian Duffy', '/zvyRD4HtBr5ChfvRXfSYw6jLzAc.jpg'),
(963818, 'Troy Baker', '/k3eNrfCd6tEH7RKDwn6ZUpmjMnf.jpg'),
(964421, 'Aaron Lazar', '/87xfF3QmQtYtlENybOvFL3bfMcr.jpg'),
(964848, 'Ethan Rains', '/pfg0mBcN3WytEemCc16MXKO9Ycf.jpg'),
(971877, 'Mick Wingert', '/xMT6toE5LU4NwTSb5rfeATQEE77.jpg'),
(973667, 'Rosa Salazar', '/f8MITeVNUrP9mMiXcPnCEZTIW56.jpg'),
(986734, 'Kelly Kilgour', '/hYjTULtIOYDaLRK7RIxMkRVgnUX.jpg'),
(990393, 'Erin Moriarty', '/dG7gLzlZCjZkjKMyoGIL8h5wjRj.jpg'),
(992389, 'Tony Nevada', '/lkoeMiD2voCWuoLPppED3OxQ90j.jpg'),
(995348, 'Jennifer D. Johnson', '/foWg1MoE6PrBatx0rOgkXdD787S.jpg'),
(997632, 'Karim Saleh', '/5kzIr2drDqJvBpIznz75Xeht7Oe.jpg'),
(1001496, 'Sean Meehan', '/r7e6ijX5RwC8OMxaCkwHOk81Stj.jpg'),
(1001709, 'Dallas Barnett', '/w13CW8cLVLwgNYwXwMau28CJfwI.jpg'),
(1003061, 'Krystal Ellsworth', '/htDYbWlOUNF8N70iF44IZDOfk7w.jpg'),
(1003792, 'Blair Jasin', '/fKghwt3sd8BSlZNJ93RLRl0kSYH.jpg'),
(1004624, 'Russell Bobbitt', '/5KW97eHDacxWlBkhtyasBUETJcR.jpg'),
(1004832, 'Britta Hammelstein', '/bBy1QCL9gip05bWnSltcibonYEU.jpg'),
(1005698, 'Sarah Cahill', '/qNEdnosjoG8R0cHVWTfMXrCLI2a.jpg'),
(1011802, 'Sundeep Kishan', '/qUGN6rvwu9Qef3DGenha2pIEpNY.jpg'),
(1015829, 'Barry Aird', '/sVrVkarYgB6FAHX142dwG3RtoOh.jpg'),
(1018947, 'Maximiliano Hernández', '/yZYUmF4t7Wu3CWjAcSANvTlSop9.jpg'),
(1024722, 'Annalise Basso', '/42AgzcbVBh72j0OwP04SkA4MBz2.jpg'),
(1028454, 'Emma Fuhrmann', '/g65GKrbFaAVI1i0m10hjJm0JyD1.jpg'),
(1029031, 'Christopher Beasley', NULL),
(1030356, 'Max Hubacher', '/vjpHbMtjuaqrsEIxmQ99S8Ol90m.jpg'),
(1033652, 'Dieter Riesle', '/qehkglvKLtvJNnAYjINowLRycrD.jpg'),
(1034648, 'Dean Barlage', '/3tY93q75w2JvCM2QCu0sByMEjUd.jpg'),
(1038379, 'Robert Kazinsky', '/u9MCG0KgTyCgpiV5qmMr5gIvglU.jpg'),
(1038939, 'Mike Lutz', '/bgFYBFips9NX3gyZqAUksv3b4jM.jpg'),
(1047370, 'Doug Cockle', '/sQGrr2Sjn5o9hrKvcFEnCyTuNw4.jpg'),
(1047940, 'Erin Banks', '/kP0TeM5EsGVeZhfmGQkD0QDpkZ1.jpg'),
(1048648, 'Erich Redman', '/zotYaC5idW2MKufFjp4plvELCJP.jpg'),
(1064428, 'Frank Edwards', '/GLPS0qosOm4Tv0DR8G9fm1yN2A.jpg'),
(1075144, 'Sam Hoare', '/ksTGg94YKyfQwa7QMgWj7sTBDyV.jpg'),
(1076049, '陳數', '/uAFwHLWJKgqhxphXeOZfK2unUYq.jpg'),
(1077805, 'Ana Ayora', '/6mo946WfFCeCvHFjglr00nDI4KD.jpg'),
(1079976, 'Evgeniy Lazarev', '/tg9h0K1HKpbfeCFIkWHjYvdn5WF.jpg'),
(1080542, 'Jenna Coleman', '/h0Lag3Lxgt6yFEZgGLTdSlC7mVC.jpg'),
(1081468, 'Simon Ginty', '/zrFFi2aiAEsC1Bfa54oECM2zF1n.jpg'),
(1083010, 'Letitia Wright', '/f7PevpEeBqwzACPhoZ8K3ktrKvE.jpg'),
(1083174, 'Fabrizio Santino', '/jKt5h21GcnXCpZwWUmAu3ojxXhX.jpg'),
(1086829, 'Miranda Harcourt', '/226d9sOry0S2ZwUlBftfo5nhgsE.jpg'),
(1089759, 'Flavia Manes Rossi', '/977hbDaz9gSF3sixa78mOrLsLrT.jpg'),
(1094667, 'Martin Sherman', '/6i4EIOrnaHvytOxUsh0LLH0M4wf.jpg'),
(1103625, 'Chris Jai Alex', '/tNdDu6VPOoDw6CU6Lq1D9PYpLnY.jpg'),
(1104994, 'Oscar Pearce', '/z6OOMofeqYdq6TlamNXlILm9wPR.jpg'),
(1108129, 'Trin Miller', '/sfXj8i4oxGVOWjvX6OEau53JWQV.jpg'),
(1108830, 'Roger Edwards', '/ugqD5HLCH9oGLtNGvMikBlVaTsI.jpg'),
(1114203, 'Lu Feng', '/yXZ1S4peR7zmuCvNWRJ8jKVvzNm.jpg'),
(1114834, 'Wong Lik', '/bNSNnS6DrDSHAZ1i6VnmUs8ndID.jpg'),
(1114835, 'Yu Tai-Ping', '/cZd0nCNLlluTRQ89Yf2lSdBIf7P.jpg'),
(1116629, 'Tony Cavalero', '/58LiE55zwTrNeywV2nFHjVfslAF.jpg'),
(1118051, 'Борис Соколов', '/7qhCkgFLah1Tb0istM4MzqHkYs8.jpg'),
(1120883, 'Sam Hargrave', '/mq7KgHiyuwFOvxuEg8p0Z30pybY.jpg'),
(1121194, 'Herbert Lass', NULL),
(1122811, 'Peter Sebastian Wrobel', NULL),
(1124946, 'Viji Chandrasekhar', '/aErRKX7Z6iS6kwFxVQhXxd3OQIr.jpg'),
(1134979, 'Wang Han-Chen', '/vQUwJngFjfoAGKPUWWy8CveASTp.jpg'),
(1135162, 'Lau Fong-Sai', '/p5XQSP6VBzYGM5SZHaRS55k6lGR.jpg'),
(1135175, 'Jerry Earr', NULL),
(1135176, 'Sun Korng', NULL),
(1136406, 'Tom Holland', '/yxYOaalFh8SUwNE5C0wzOwF89Ny.jpg'),
(1140545, 'Chu Ko', '/9WUocZpcidkgzcIKLkYxWmCF75O.jpg'),
(1140546, 'Hsiao Yu', '/t4CZWu5WL86usSMHLeQ2HMtUYO6.jpg'),
(1140990, 'Ngai Tim-Choi', '/ikjYrdLuee7J62zQkJingkc8Mra.jpg'),
(1140991, 'Sek Gong', NULL),
(1140992, 'Hon Lai-Fan', NULL),
(1146745, 'Eugenie Anselin', '/jB8WLVPmZmRSSNkaTB6XeYaD3ul.jpg'),
(1149996, 'David Sheftell', '/j7MCHi0BBVWRSqHdcpWI23gNFpo.jpg'),
(1151539, 'Mikhail Danilov', '/qHQxJGmneAlZL4P2Tf0TufABwzf.jpg'),
(1153698, 'Ricardo Andres', '/sbce6eUbj8UKH0EJhDgIV4SprxZ.jpg'),
(1156167, 'Tonko Lonza', NULL),
(1163622, 'Pete Ploszek', '/9ZFxQLUQzfMNEHVqYjwK346vaCK.jpg'),
(1165938, 'Sascha Alexander Geršak', '/urpEeHhRD565qZPuQY2MCcMWTun.jpg'),
(1170010, 'Colby Lopez', '/tQ9O8ECn7NFX6YcRQw6H8P173cc.jpg'),
(1171654, 'Vuyo Dabula', '/1NGGEPVeedELpAnAM0z2j7rUND4.jpg'),
(1172108, 'Mckenna Grace', '/e8pnblWxirhG54tlNTQyXNjXQd4.jpg'),
(1172609, 'Yuan Quan', '/wtkOtG4840ebwgtDA7mjSwlsfwJ.jpg'),
(1174143, 'Justine Herron', '/t24Az98HN921QY4B4Ps0erCQ4WA.jpg'),
(1175570, 'Joyce Feng', '/7TVgYTFKaRViZdscSHBdj1pbCno.jpg'),
(1177850, 'François Duhamel', '/3N3pFKYflQxxo3b0aRXh8adwVIU.jpg'),
(1178795, 'Ben Diskin', '/4RWjcrPgfTG1yp19kFKRZYimv2B.jpg'),
(1179530, 'Yuriy Ovsyanko', NULL),
(1181220, 'James Ryan', '/k7GIk0EUxgkjo0bQPRFR0UkYeDd.jpg'),
(1183671, 'Mark Daugherty', '/iRfLeThcGyQ14IbX1C8Fvak9zYs.jpg'),
(1184965, 'Benjamin Uttley', '/8eA63kSzn65SpvOY1pufECQs5Jl.jpg'),
(1186909, 'Tim Ahern', '/ezVtIACGesOdSEqvBazE8lk4oTa.jpg'),
(1191112, 'Martin Kwok', NULL),
(1191123, 'Mikhail Kuznetsov', '/ceFF5nxyD4DSWdoo9tl5npoG5lF.jpg'),
(1191953, 'Mayank Bhatter', '/caE4ZU2W5eKlitJv5EvnxhGhpE6.jpg'),
(1193832, 'Peter Hambleton', '/kxIJphwN4RWMKFxg2KatuCmFxnd.jpg'),
(1193833, 'Adam Brown', '/yveDcolh1BE8DoV2RZ2p31be9VQ.jpg'),
(1193834, 'Stephen Hunter', '/2B1lI5nwKPavixa0JBM0UFnSw4z.jpg'),
(1193835, 'Robin Kerr', '/cyA3dVjyuAcbYlfjnnL7gu1rjaX.jpg'),
(1194915, 'Aleksey Kozhevnikov', '/2PYDgiFaPyjVD4gZNzOtcQxlPdN.jpg'),
(1194917, 'Nikolay Gavrilov', '/bsZmAxwhaG3RPm5lotkALN1AScM.jpg'),
(1194918, 'Georgiy Korolchuk', '/i7qy1daNdPAh636x8R04FLqDAqZ.jpg'),
(1194919, 'Kirill Dateshidze', '/fCndBJD8LRLnROrUO2K90JnMJX0.jpg'),
(1194920, 'Oleg Levakov', '/bTBlOUz8vbpF3xxUONKwY7hcY2w.jpg'),
(1194921, 'Yuriy Zatravkin', NULL),
(1194922, 'Vladimir Leletko', NULL),
(1194923, 'Aleksandr Isakov', NULL),
(1194924, 'Aleksey Tsukanov', '/9f7D8Q2IyBMoubFOX9mhQgLmLzv.jpg'),
(1196099, 'Lam Chi-Tai', '/tfCv8S57AI74KWaec8v9XOOSIHp.jpg'),
(1196961, 'Dominique Provost-Chalkley', '/v5Ewsj4rsCkn9l6CXnNbM2fmX3g.jpg'),
(1197358, 'Steven James Price', NULL),
(1200313, 'Mathew Lorenceau', NULL),
(1201351, 'Billy Jackson', '/kNX1BvIWnckJM35Xu007Ro45Ju5.jpg'),
(1202386, 'Katherine Press', '/8szDglLfKEu6OPzaaNtHMxHJeVR.jpg'),
(1202543, 'Gina Cantrell', '/1p4jQzScjgn1sY8wBsNB5wmN7pp.jpg'),
(1203089, 'Michael Zhang', '/h9QB1ZtISG83LdllBbEDHbearPm.jpg'),
(1207292, 'Richard Whiteside', NULL),
(1209417, 'Ido Mor', '/xu4fYwGjbQjSkGcE5XpIiPdzofX.jpg'),
(1209418, 'Garret Noël', NULL),
(1209419, 'Tim Rigby', '/5ckhBJzA3MNxGPDSWytTKrdm26M.jpg'),
(1209702, 'Thomas Craig Plumer', NULL),
(1209703, 'Robert Berkman', NULL),
(1209704, 'Lauren Scyphers', '/1syQbohn5rYmwpZnpGgllBcjCK6.jpg'),
(1209705, 'Reid Harper', NULL),
(1209706, 'Summer Kylie Remington', NULL),
(1209707, 'Ava Rose Williams', NULL),
(1209708, 'Vladimir Kubr', '/7qa6No7BdmEl9z00wQAgmet0nvt.jpg'),
(1209709, 'Callie Croughwell', NULL),
(1209710, 'Javan Tahir', '/d7iX60xazQWJkz5R2UvBWqimy5f.jpg'),
(1209711, 'Justin Rex', NULL),
(1209712, 'Nicole Lindeblad', '/j5NH3slpJhRgYcrdIxdqjFMmgsg.jpg'),
(1209713, 'Masha Lund', '/9IkGY8LkHVJ1FJ7bytfE3Kc8vXf.jpg'),
(1209714, 'James Bethea', NULL),
(1209716, 'Mike Cochrane', NULL),
(1211185, 'Kirsty Mather', '/uHxn891LcA0msV8xtlTe7khYjrv.jpg'),
(1213613, 'Jeri Ryan', '/xZaw90cLeprJPsoJowKueY3ywz2.jpg'),
(1214359, 'Quinton Flynn', '/utjvtCcIfqsxr3QdtVx3wF94mY4.jpg'),
(1214673, 'Alexis Denisof', '/luTHwbaLutoKYWJSpk2WyuPasvk.jpg'),
(1216156, 'Chad Todhunter', '/9WX3yLJowba7Yp8A4zdNruKXhC3.jpg'),
(1221099, 'Tetsuya Iwanaga', '/4IG4sg8dFOizFboBCfeftDzYslU.jpg'),
(1221888, 'Travis Willingham', '/clvP30k6cUMf4hukRQqZD3k9z4S.jpg'),
(1224022, 'Enver Gjokaj', '/1M3ISdFIaf4p1N3ZZTK7KnZwj9p.jpg'),
(1225827, 'Brent Tarnol', '/cXL8lbkURt0slxkvmYDgZEqMlB7.jpg'),
(1225936, 'Jasmine Dustin', NULL),
(1228219, 'Adam Goldstein', NULL),
(1230842, 'Leslie David Baker', '/9h3xlV5IYqKinlQCW1ouU7sjwWF.jpg'),
(1230885, 'Eric L. Haney', '/hABCxwgNCUFjFVGdIOUKMs3HNyn.jpg'),
(1231421, 'David McKail', '/bbGMBQo8DGkqJkTwEC31Hj8SPuK.jpg'),
(1231548, 'Katie Cleary', '/zFmC5CyjuDoCYlr7Wiz6g1uc0JY.jpg'),
(1232599, 'Matthew Maher', '/nO9Yhz7ERzATcHploljXgR4cAq.jpg'),
(1233161, 'Mark Holden', '/oN9yICYsiimHE3lgV7nB2Bz3FE3.jpg'),
(1234512, 'Thomas Roberts', '/uo8k9aGD3PHDPjXnsZF2E6eA3UD.jpg'),
(1236642, 'John Ceallach', '/nOpUOPhrhum8uIy7DquFw65izEo.jpg'),
(1240417, 'Duane Henry', '/mnYq3tMHrn5vnWFyMTVS2L5NrpU.jpg'),
(1240693, 'Patrick Monckeberg', '/sipb4QLJVi24zUPzw9rsolNITyM.jpg'),
(1241415, '佐藤智恵', '/x6A6uWJUI8HnhaYVXVZJKT2EA0r.jpg'),
(1241658, 'Fujiko Takimoto', '/j2xu3xPRw2yITNvpAL2XICC6PUL.jpg'),
(1246933, 'Erika Jordan', '/nSQ4C4xlcW0itf1EjYc21oJVq8S.jpg'),
(1247943, 'Emi Motoi', '/otL8ZFbC8eiigRn5YojQgDQJrqK.jpg'),
(1248445, 'Grant George', '/julROMpew9wvfV1z6Lzik1qngsn.jpg'),
(1252366, 'James C. Mathis III', '/m2K3qkTJYtpSOWbEKRLBsAM8W9H.jpg'),
(1261121, 'Caroline Royce', '/bY893AuuoePtY1Kg6abUXBEmq2O.jpg'),
(1261400, 'Samantha Isler', '/8OaSdXsVLp6zOTPYXtYJVEUopvN.jpg'),
(1261694, 'Barkhad Abdi', '/utfeg8GnGyW3aVNcRfhII9RCXB6.jpg'),
(1263294, 'Jillian Morgese', '/tm3TQINb7D3nwhOfGRcKT0TxVCr.jpg'),
(1264233, 'Isaac Andrews', '/2yAIab9aaNE4ksqnVXSoU4FttnZ.jpg'),
(1265248, 'Kate Clark', '/xdNSK37cJpFRENm2M34JCNa9shJ.jpg'),
(1265249, 'Luminita Docan', '/l2U4bSkwH8o3948Mzq44SgTO3fh.jpg'),
(1265250, 'Ali Khan', '/5IsGXsWou282weS17pLkaashba2.jpg'),
(1265251, 'Isaiah Guyman Martin IV', NULL),
(1265252, 'Margy Moore', '/y8ZiGTvi452ImYy1p0Ed87FSyJS.jpg'),
(1265795, 'Davin Ransom', '/sdcuETbsudyWIjJZ4DDU3cSW0Qk.jpg'),
(1265796, 'Brian Schaeffer', '/3zfFEUYkzSJCJd9SWUlyLhaaMGu.jpg'),
(1265797, 'Jack White', '/1bk9fZkuD7uDfh5lz90V4ngGR6M.jpg'),
(1265798, 'Melanie Brown', '/xvhxZpSDYwcU87SS7XNdpkYlBh4.jpg'),
(1265799, 'Victoria Gracie', '/fPHDOOMxNULT1iedkw79EIm0m57.jpg'),
(1265800, 'Renee Herlocker', '/jtYLeEj8KG6XhjbdTUDuEtB2gmr.jpg'),
(1265801, 'Jill Ann Pineda-Arnold', '/61l1leoUwgoYQ7Csi3j9DgwMgsZ.jpg'),
(1265802, 'Annika Ihnat', '/gIx6cKrlDIBh1E1gsdfWB3eJEWv.jpg'),
(1265803, 'Lindsay Dennis', '/bn2JqozEynNylHi0pLsrFTcrdfu.jpg'),
(1265804, 'Lindsay Rosenberg', '/u2eApYjyP6KOZuHYXuDQfdE9nkG.jpg'),
(1265805, 'Hannah Douglass', '/yuTXmt3FL0MG0ksv1YQbNjjizh.jpg'),
(1265806, 'Brooke Long', '/vjvrBpNFD2EOrdQGLFO59Kr0NFA.jpg'),
(1265807, 'Kylette Zamora', NULL),
(1265813, 'Ayelet Ben-Shahar', NULL),
(1265817, 'Ajarae Coleman', NULL),
(1265819, 'Timothy \'TJ\' James Driscoll', NULL),
(1265820, 'Sam Felman', NULL),
(1265822, 'Shakira Vanise Gamble', NULL),
(1265823, 'Paul Grace', '/lFn80oQQBldv8im45E1PtT4hs7d.jpg'),
(1265827, 'Cameron Lee', '/kYcUNhNHj6pKSqpGu4NJMuGcWKU.jpg'),
(1265829, 'Bryan McCoy', NULL),
(1265831, 'Allison Ochmanek', NULL),
(1265838, 'Peter Trenholm Smith', NULL),
(1266858, 'Faysal  Ahmed', '/jrnwwBq4Xq3UADdAb028ddK32eD.jpg'),
(1266859, 'Barkhad Abdirahman', '/o5K3tGiClerpgpCOpqFZGJ5cd28.jpg'),
(1266862, 'Mahat M. Ali', '/lV31hBFhk0YT7ktv7OVMqonA7yz.jpg'),
(1267145, 'Arthur Rey', NULL),
(1267146, 'Nicolas Loche', NULL),
(1267147, 'Brian Senaud', NULL),
(1267148, 'Alexandre Loubeyre', NULL),
(1267149, 'Mattis Applequist', NULL),
(1267150, 'Alexis Richard', NULL),
(1267151, 'Rémi Verrier', NULL),
(1269487, 'Sam Swainsbury', '/4h1KemkGIDiFV0u7XpWAU2LmHAr.jpg'),
(1270331, 'Neil D\'Souza', '/iADoy2rHAkVTzECLQ8e57y7V9Dr.jpg'),
(1271752, 'Tim J. Smith', '/esjdJ17pPknM1fw3v3PFBmViMlC.jpg'),
(1277939, 'Ailen Sit Chun-Wai', '/1cFoTB2JIJiUDhhjMx4YSR65fSK.jpg'),
(1281758, 'Sugar Lyn Beard', '/8AIFKRJ9bdW91PRXfx3Rx35xZQB.jpg'),
(1283880, 'Miriam Lucia', '/fRM3TYhU3zEMzbL8tI5W04MeogF.jpg'),
(1288264, 'Diana Toshiko', '/zDZY0PCBlnzYdyBH0xx1ybFgOCi.jpg'),
(1295654, 'Rike Eckermann', '/qJTPSWFFsNOkfCtKg34sYQl7u0G.jpg'),
(1298553, 'Mathieu Kahn', NULL),
(1298554, 'Yuna Ricard', NULL),
(1298555, 'Julien Caumel', NULL),
(1298558, 'Roger Delauney', NULL),
(1298559, 'Dylan Gracia', NULL),
(1298560, 'Clarisse Duterne', NULL),
(1298561, 'Sébastien Guérard', NULL),
(1298562, 'Damien Laurent', NULL),
(1298703, 'Zhang Yamei', '/o7vPwJHtaaf9ZxCPwCLPuMiPIsV.jpg'),
(1301977, 'Bernarda Oman', '/roVdDnOMaPSodH41aH5Ww3jRtVv.jpg'),
(1306567, 'Kaali Venkat', '/w36lwArVQb0lDIJEenBECHqSdpG.jpg'),
(1308445, 'Carrie Coon', '/kbuScim9S6q2UKP1jCpp5UZB0P5.jpg'),
(1309581, 'Steve Campbell', NULL),
(1323073, 'Oliver Bigalke', '/a7R3TWUu8qmV4GYEhTHDlaUXckk.jpg'),
(1323416, 'Ingo Günther', NULL),
(1323776, 'Amr El-Bayoumi', '/6XMJH6AmQNXe0ATVjRRcxMfPSn4.jpg'),
(1327810, 'Sven Hönig', '/exSoE8CLAaKFtWiiKhvFWUXnQen.jpg'),
(1332932, 'Seamus Morrison', NULL),
(1332976, 'Sonny Ashbourne Serkis', '/kan4bPDdGFFmXAOeLsrK2nVCiQw.jpg'),
(1332982, 'Nick Hendrix', '/eHheRwz9nnfgP9JiHJxCvift91T.jpg'),
(1334464, 'Azeez Mohammed', '/t3VA7Sd2E0ombrAf7W6hvotaAKF.jpg'),
(1338063, '黃志忠', '/orpBqW97dMcSsaIDRSA9uKDUebt.jpg'),
(1342054, 'Joel Thingvall', NULL),
(1343007, 'Shivaraj Kumar', '/aOQ6tjRLjMReW8Pig9PjJaudl5b.jpg'),
(1343164, 'Andrea-Nichole Olivas', '/RWuJ15lDLFDK0XX182cSytDwEC.jpg'),
(1344379, 'Wong Wa', NULL),
(1351857, 'Tim Gordon', '/weSmPdpAw3XnFKco5XUAoeUwyDg.jpg'),
(1353694, 'Jiao Junyan', '/bYgmlpj2hEg1CHIFTTYoAzacCfZ.jpg'),
(1354406, 'Rod Fielder', '/t2CUZTP8C2N2EKEYsmLEvCi66TR.jpg'),
(1355667, '歐豪', '/nHokLSjlWJB3Gwt3zBXUuBPvR77.jpg'),
(1356645, 'Nicholas Pinnock', '/ufGrGvx2JPLfFbMrNXAQWZoSI38.jpg'),
(1356758, 'Thomasin McKenzie', '/WOpnEFG5Q8LWxP81MtUrskmVox.jpg'),
(1359823, 'Mary Nesbitt', '/edHzbhA7jYmKvlmf5nIfvGuH0iB.jpg'),
(1359824, 'Peggy Nesbitt', '/nT6GPyFFsrRGCde4dNZJKwlX01X.jpg'),
(1360007, 'Giovanni Alabiso', NULL),
(1360197, 'Stacha Hicks', '/1yo0tGObrb1nlygCATmgm73DIQt.jpg'),
(1360281, 'Lashana Lynch', '/ypNxRag9uJ5nzPAN2um3amQK340.jpg'),
(1360435, 'Thomas Brophy', '/jn6OHVkrwM0MEioCtJOQzCCGtnu.jpg'),
(1360654, 'Sarah Hunter', '/kZyj9y8DTaLRcUf07PtKBWY2MSv.jpg'),
(1365516, 'Martin Palmer', '/s8SNGCcNu00ca0KxDDx5uVWNjad.jpg'),
(1367843, 'Nondumiso Tembe', '/fGsRGfY4Vf0d1y51cbIgz2zicNE.jpg'),
(1371850, 'Jaime Powers', NULL),
(1375186, 'Umar Khan', '/5wRz6zDxUWR0ZbeuqYI1nAk4rgz.jpg'),
(1376001, 'Tina Grimm', '/utRFgwBWqyM2k4nMki9F15hFOeS.jpg'),
(1376105, 'Zhu Yawen', '/dBQTp4H406kHdfXo3BuE2rdx3Vb.jpg'),
(1378833, 'James Lin', NULL),
(1379821, 'Michael James Shaw', '/djaWcSCBpXBV2wirtH4YX6t0YqT.jpg'),
(1382071, 'Elizabeth Peterson', '/lmxq320qLjyVaALnBqSrd9mIjXd.jpg');
INSERT INTO `personne` (`id`, `name`, `image`) VALUES
(1384277, '李現', '/ntLuULsNhPr9fBzV9ZLBY3URJ5t.jpg'),
(1387292, 'James Payton', '/gkTGb4V3NNn18t9BCsaZRjteK4A.jpg'),
(1392838, 'Emerson Brooks', '/hGQ1CFsELOphGWt13vNClkpYJs2.jpg'),
(1394332, 'שירה האס', '/cKwQkJP1kONMMZHkOMSrFi8q7rn.jpg'),
(1398478, 'Marko Dyrlich', '/tGdr5ZyuZVsPDHgkfWAgDT9hHPS.jpg'),
(1399824, 'John Rawls', '/6FK2FjhZcycBd2MkWTrLoOgm1IA.jpg'),
(1401531, '수현', '/kLADYH3QpmFM6TEP2tZaGSVx1yi.jpg'),
(1403346, 'Gene N. Chavez', '/oy5B1rf6Ze13X5FKWFeexe8dQ4i.jpg'),
(1404450, 'Milynn Sarley', '/nUL8K05qPBgyeUPn57pQIWJusUE.jpg'),
(1405570, 'Isabella Poynton', '/oRRWX6tdqsj9xlkbXUWnJF5cf6Q.jpg'),
(1405571, 'Imogen Poynton', NULL),
(1407664, 'John Tolkien', NULL),
(1407665, 'Priscilla Tolkien', '/kVmnvhiqQTJQSdHJTEGTYmJUiSc.jpg'),
(1418690, 'Vinoth Kishan', '/eT6QbjpqwqSgKiyOlaWwXzUdbOO.jpg'),
(1422743, 'Arthur Lee', '/j0fNPc6TBSfHeoBjjOQn6twsR3S.jpg'),
(1425004, 'Elango Kumaravel', '/8LtXDdacaCA7Gk4B8ACxTs430EO.jpg'),
(1425612, 'Lauren Parkinson', '/2BittiPJTMUWbuC8htds3fS29Ki.jpg'),
(1425613, 'Marah Fairclough', '/ruE1szGrhj3DX5pwVpuV8CtJ5A7.jpg'),
(1427034, 'Louis Hobson', '/vJao7j0TxYz1jkDsEAyMkardBNC.jpg'),
(1429399, 'Dan Dowling', NULL),
(1429470, 'Nick W. Nicholson', NULL),
(1440014, 'Stephen Ure', '/g5sLvAz07eZgJ5A6vg5d4totVXz.jpg'),
(1440652, 'Simon London', '/a9N4bRmOIynGrRj8PzC3hoM8ZIR.jpg'),
(1441558, 'Kieran O\'Connor', NULL),
(1442722, 'John Michael Morris', '/nSXqbe6DDQ8Y5HybqkGvtyJH2Sd.jpg'),
(1445335, 'Mikhail Matveev', '/tjtavHTIvSaLmO9cfauZ45jOpSz.jpg'),
(1447238, 'Shree Crooks', '/ipntpl03KxmLI4GWYV9HqXcVU9d.jpg'),
(1447932, 'Winston Duke', '/pqwok07EgGGTCa80kmGQmb8ut8M.jpg'),
(1448180, 'Ameenah Kaplan', '/kECeBrZmUeuo2vbMY86ars99WvV.jpg'),
(1448939, 'Ricardo Chacon', '/yAFZZxjZkvitNHu1W0zNVFEfIJd.jpg'),
(1449120, 'Megan Grano', '/vunOxTnCX1J5lkPZAyU1KfOaqRl.jpg'),
(1454362, 'Gina Sarno', NULL),
(1463197, 'Rosanna Hoult', '/1Dgaa5ZeCJTOhZozytwG4VcgB3a.jpg'),
(1463689, 'Mark Semos', '/eemEhfgnDoq04i1V0CMilKoYzL9.jpg'),
(1466605, 'Robert Dean', '/sekcxYO8Rb8E0qdmlF8a33d04Dr.jpg'),
(1468400, 'Lee Moore', '/uj7NTG4EyHrabyi3kxVvAst1l2X.jpg'),
(1473557, 'Galiano Pahor', NULL),
(1475235, 'Joy McAvoy', '/laHAwcM4U7alaRLSU8ulfEcmMIi.jpg'),
(1479945, 'Kirill Nikiforov', '/694Bqo4C7sR6etcTyADUBcIc8He.jpg'),
(1479946, 'M\'laah Kaur Singh', '/j2Bd3nvHCh7SqrnCDfL6UauvrUQ.jpg'),
(1479957, 'Josh Cowdery', '/2gAoACv2mr31vjqspM9fHIe3MgP.jpg'),
(1479959, 'Katsumi Komatsu', NULL),
(1479961, 'Yumiko Komatsu', NULL),
(1479962, 'Momoko Komatsu', NULL),
(1479967, 'Fernanda Toker', NULL),
(1480027, 'Matthew Zuk', '/jifQz74EU8qsigSgNZR2u2SDhek.jpg'),
(1480042, 'Andrea Vecchio', '/993TAFTEgnVf9JfGWG7mNZqu88r.jpg'),
(1480043, 'Robin Swoboda', '/trpkN3aqLUl4q2542BWG64YppMP.jpg'),
(1480044, 'Brent McGee', '/xGZjnWTIf5UXLZ0Ru1301MoTrva.jpg'),
(1480045, 'Kelley Robins Hicks', '/poutoGBoAz8znML2v16DvF27q4w.jpg'),
(1480047, 'Pat Kiernan', '/c8QASMhNim0bXySxaxRrkkzvKQ7.jpg'),
(1480048, 'Catherine Anderson', '/3xadfIc5FHvWjFozh0ntnrWOHS3.jpg'),
(1480049, 'Logan Bennett', '/kF64gWF3kiKxDs2q5BPM7te3ry3.jpg'),
(1480051, 'Sharita Bone', '/26rLpkn80TYD6THAKeAW7sCkv2s.jpg'),
(1480053, 'Jason Botsford', '/dBul2857yoVn5Wpi4YPYePkcabf.jpg'),
(1480055, 'Mary Kate Campbell', NULL),
(1480056, 'Layla Cushman', '/sjiHDJ2nMkc93fAVgeZ8crHff2r.jpg'),
(1480057, 'Rick Dremann', '/oUeXEpUYDYbdhiqM7J0QJBbnbiy.jpg'),
(1480060, 'Eric Frank', NULL),
(1480065, 'Israel Hall', '/3i7JgRjUzJgUQ90IA5oeGhGzXO1.jpg'),
(1480066, 'Carmen Dee Harris', NULL),
(1480067, 'Alexander Christopher Jones', '/jVGq5MSL7B9V2TLNTMAR9k51qJw.jpg'),
(1480085, 'Mike Karban', NULL),
(1480087, 'Demoine Kinney', NULL),
(1480091, 'Andrew Knode', NULL),
(1480096, 'Annette Lawless', NULL),
(1480097, 'Kimberly J. Mahoney', NULL),
(1480124, 'Todd Manes', NULL),
(1480128, 'Jorge Mardel', NULL),
(1480132, 'Michael McMillan', NULL),
(1480146, 'Holly Neelie', NULL),
(1480148, 'Caleb Daniel Noal', NULL),
(1480152, 'Jeremy Orr', NULL),
(1480153, 'Nate Paige', NULL),
(1480174, '金世佳', '/bZhmUhX9LsxLRsySttdpGEZsfkU.jpg'),
(1480198, 'Maria Perossa', NULL),
(1480199, 'Caleb Pieplow', NULL),
(1480200, 'Alexander Daniel Pimentel', NULL),
(1480202, 'Frank Powers', NULL),
(1480204, 'Brent Reichert', NULL),
(1480208, 'Kelly Ruble', NULL),
(1480209, 'Robert B. Schneider IV', NULL),
(1480210, 'Jeff Seich', NULL),
(1480211, 'Christina Shaffer', NULL),
(1480213, 'Douglas Slygh', '/bNjIMtucrg0nlLTK90NasPGFSzO.jpg'),
(1480218, 'Robert P. Thitoff', NULL),
(1480219, 'George Thomas', NULL),
(1480220, 'Shane Thompson', NULL),
(1480221, 'Jerry Lee Tucker', NULL),
(1480222, 'Tai Urban', NULL),
(1480223, 'Chris Vaina', '/5eURXxQLBqrHo3MKR6dCliCDa7m.jpg'),
(1480224, 'Sandra Weston', '/p8cHjNXEIjzy3LS4CpZTFynwLD0.jpg'),
(1480226, 'Seth Zielicke', '/AlRpPLjznQQz0eTR1bIG1sFWSQz.jpg'),
(1483700, 'Ann Russo', '/dulOMjk4nCawoE4YidVYBjj75A0.jpg'),
(1483851, 'J.P. Knight', NULL),
(1484140, 'Allan Smith', '/fgRYE51RIh9Ohrqx7LhjTVAVHur.jpg'),
(1496366, 'Christina Licciardi', '/6VyLR5CC2Dx0ZImO4UIObIu1oU4.jpg'),
(1500153, 'Joseph Timms', NULL),
(1501025, 'Thomas Grube', NULL),
(1502468, 'Damon Driver', '/l04IyeiBfztccOSgJiXLE1cpLkc.jpg'),
(1502949, 'Michael A. Cook', '/yaCLLcmNKlfunpcJ3oBNKBPpaaH.jpg'),
(1503080, 'Robert J. Fraser', NULL),
(1504934, 'Bentley Kalu', '/zEnT6qWsXZCqIcyqc1kNFKiNZkK.jpg'),
(1504947, 'Nicholas Hamilton', '/6XB730yU5XKJfEhV5W2zV8B9Fmh.jpg'),
(1504948, 'Elena Stecca', '/fveymhXQLpKkcSqf53uXNt6tppJ.jpg'),
(1509110, 'Jim Sturgeon', '/hPAHxntKezlMndO0NsyuB5qzRMz.jpg'),
(1510694, 'Sophie Colquhoun', '/qsoDusU6qmieTGxXIrHxMgZtmBx.jpg'),
(1511252, 'Scott Hunter', '/A7QQAXP8kqXqSNODmELIZ0mP1bI.jpg'),
(1511590, 'Michael Mizrahi', '/mNKrasbKWWctUa8V0cyEidYM6gg.jpg'),
(1511823, 'Ian Ralph', NULL),
(1512455, 'Ruby Ashbourne Serkis', '/aG162fp8hnudEieqKZl7yUuqEaX.jpg'),
(1512535, 'Brian Gilleece', '/ynyoG0BmYQBoHqVzHTNG1tNMEFY.jpg'),
(1513012, 'Marcello Walton', '/fYbBGhZ42Ofh8uCkVwjBb1fAoNy.jpg'),
(1514930, 'Stephen A. Chang', '/gZxyFXDPDrZBAHqBXyujoYaW6Hn.jpg'),
(1517836, 'Isabella Amara', '/hz2uP4Qjucj5my9rLc0FO9aWV2E.jpg'),
(1523304, 'Richard Zeringue', '/hWDoncFVG2PuE09b7rJ8fL5dvtH.jpg'),
(1527955, 'Richard Beal', '/rILyVLEIKouSHpdZ75dMaFD3jA1.jpg'),
(1533995, 'Marek Oravec', '/uU57nyt3286yOv0B5albHz66T2r.jpg'),
(1535177, 'Stefan Kolosko', NULL),
(1541380, 'JP Karliak', '/7Rc3n8KmKUaztqfsIpddO1a2ggn.jpg'),
(1554190, 'Annika Meier', '/76ROddSdkvmALihgFAbW1DNBCmH.jpg'),
(1561310, 'Georgia Goodman', '/igrVZq0JVIkFW1TbgaOG9ESd9pR.jpg'),
(1566267, 'Aaron Toney', '/u3Rf8YRUxVZ6qxrWCN0wiO45sqO.jpg'),
(1569801, 'Guy Fernandez', NULL),
(1572543, 'Leander Deeny', '/3q40fqO0Cw4uwsBCc3crOdSMZVp.jpg'),
(1576969, 'Du Jiang', '/pRuPkC5I2DjujSaSTob9RivweUk.jpg'),
(1577869, 'Glenn Yarbrough', '/ye5dxplcI8FDeJGHesHbfCYVpQI.jpg'),
(1582803, 'Heidi Moneymaker', '/9OApdwLrP3mpAwCprebKkZRINDy.jpg'),
(1583011, 'Gam Tin-Chue', '/nkEkG11JxlaRIun8hFQ5slivGDN.jpg'),
(1583054, 'Ingvild Deila', '/dprqeIfGxzB3zD4Rjj2OaANMSo7.jpg'),
(1586915, 'Samia Chancrin', '/1nfJs9YeGd5BhHI6Ya2BuYFKTJ.jpg'),
(1587358, 'John Curran', '/wEO62M3yyDQvPk7lmUH6i6qDIAU.jpg'),
(1590327, 'Earl T. Kim', '/1ED3Afv91x7IKJwExumUVrk0tmF.jpg'),
(1592314, 'Jay Gonzaga', '/nuJrcDwgdN1bS6sqCYBSdSqXiSe.jpg'),
(1594171, 'Vanessa Cater', '/ybri5mdJeBFIPQQ5ZLiTQGloGyX.jpg'),
(1599854, '張天愛', '/7YfldHgtWzOLOjLJ1gdODPeKiHV.jpg'),
(1610320, 'Ashwin Kumar', '/4eE9lotTpbURTBAOE4JBJGYnNa2.jpg'),
(1610710, 'Chuku Modu', '/1yy2VDpFRGYqpaZarKvFoPdwc3Q.jpg'),
(1624444, 'Ronan Raftery', '/mJsDcXA0xKkWuy5VyyZRIugi5Ad.jpg'),
(1625479, 'Chiu Gwok', NULL),
(1628513, 'David Webber', '/rACEiMiQ8W9kFAjdsI1eX7yrn5R.jpg'),
(1634787, 'Vijay Kumar', '/zdPi3cz1yBK66AZZdAoqSfCKS1y.jpg'),
(1635547, 'Richard Freeman', '/aIJ1dcJqGTudaLi3DsKnXdTewgG.jpg'),
(1637129, 'Charlie Shotwell', '/wNA0VZueKeNhTjkNhuX0Fnz0cVz.jpg'),
(1637130, 'Elijah Stevenson', '/9qgKP5JDmFs8VngMB9IIuIWiXBJ.jpg'),
(1637131, 'Teddy Van Ee', '/kqalia4OKSvqBjfRA8PtsA8dX13.jpg'),
(1637132, 'Hannah Horton', '/oonD6xLwuWI1dRZBRCoJHa0xcNr.jpg'),
(1637133, 'Galen Osier', '/txXJvV5Oy9xLxw6bSZ1691YsY8V.jpg'),
(1637134, 'Paul Alan Amend', NULL),
(1644017, 'Mollie Fitzgerald', '/n8xhqj0ZiwaKjMnrnj4U5lHEHwO.jpg'),
(1644028, 'Sergio James', NULL),
(1644032, 'Naomi Slights', '/5XPvlbogX7qiHDw8TeAJrKB0Auj.jpg'),
(1649152, 'Jacob Batalon', '/53YhaL4xw4Sb1ssoHkeSSBaO29c.jpg'),
(1658527, 'Kordian Rekowski', NULL),
(1665609, 'Antony Acheampong', '/gD9ns0TbxMdgtFIxfH6Qf7ozKSU.jpg'),
(1672052, 'Jody Hart', '/u6c3PduswygZ8hJhoGxE9pQ9lpo.jpg'),
(1673576, 'Alex DeCourville', '/97TmbMkAtGWe15ANftMZaMrSLYX.jpg'),
(1675906, 'Kan Qingzi', '/q0XuEIcm9eB4tHaKFOvn0ymFo2l.jpg'),
(1678182, 'Hun Sophy', NULL),
(1686977, 'Guan Xiaotong', '/tgZCK4YpRwCvO1IYsnCNl4rEA9k.jpg'),
(1693766, 'Antonis Greco', NULL),
(1694239, '烏丸祐一', '/lUVDGB9WmYxlOoRbYaovbGE4ceh.jpg'),
(1694240, 'Hisashi Izumi', '/aXnfdX3gxnQB2mwLdhGUApMJKKL.jpg'),
(1708242, 'Dan Snow', '/TyD3mrDtCWmp6dldlQjgpFEdMF.jpg'),
(1709130, 'Chris Luca', '/7KiuBInff7gYwpyAjGju3LssKU9.jpg'),
(1713975, 'Jim Starlin', '/r92EWrlL4EI1aMpEjWN9xjfrJ40.jpg'),
(1724677, 'Shannon Staller', NULL),
(1731337, 'Surely Alvelo', '/x08N6NGlrpfCLW4Yna02Y7YP4rb.jpg'),
(1738113, 'Frédéric North', '/6Y9Us44RyRwFi2wqEqYckX6VBjz.jpg'),
(1742624, 'Louis Ashbourne Serkis', '/mx44YUmWqkAuRonvPinZa11klQi.jpg'),
(1751768, 'Christopher George Sarris', NULL),
(1751772, 'Allan Chanes', NULL),
(1751774, 'Bernie Zilinskas', NULL),
(1751775, 'Angela Russo-Otstot', NULL),
(1751780, 'Griffin M. Allen', NULL),
(1751783, 'Joe Rosalina', NULL),
(1751784, 'Michael Debeljak', NULL),
(1751787, 'Charles Wittman', '/vpWgJULPZ89atpj4dKdCH6wOUGm.jpg'),
(1751788, 'Andy Martinez, Jr.', '/aN40w0equy1hchPIHUz28KPc0Fh.jpg'),
(1751789, 'Michael De Geus', NULL),
(1751790, 'Terence O\'Rourke', NULL),
(1751791, 'Anne Grimenstein', '/rTD4cmur9UnF8ZIwp17yt0YIBKC.jpg'),
(1751792, 'Dante Rosalina', NULL),
(1756778, 'Alma Noce', '/wJfpS6KgvOX4DptZ6LnhpGGwu0Z.jpg'),
(1760858, 'Gareth Kieran Jones', '/bx1nJdses6J2CkiPSTDtRk4mc7U.jpg'),
(1760859, 'Chan Woo Lim', '/47JXWukL83ohfU61fHwwAT0Hucq.jpg'),
(1760860, 'Minhee Yeo', '/coFfkJSZMjBbIPi1uFeg1kSJAhP.jpg'),
(1760864, 'Lele Ledwaba', NULL),
(1760865, 'Mandla Gaduka', '/h0UZnFbBxeaF4ocH1xuHCGrtQzA.jpg'),
(1760866, 'Harriet Manamela', NULL),
(1760867, 'Beulah Hashe', NULL),
(1760868, 'Musca Kumalo', NULL),
(1760869, 'Mathapelo September', NULL),
(1760871, 'Chioma Anyanwu', '/oMXTK6XWTaFx3jJgnRV4Ms7muiv.jpg'),
(1760872, 'Kabelo Thai', '/xnfnSnazAIXT3SImqRhJKcgSaOT.jpg'),
(1760879, 'Ben Sakamoto', '/4hklkWgX9tvZoLVg8YYpMd2B1Pu.jpg'),
(1760881, 'Sunny Yeo', '/suVnbRMPFq9Tt0AY4Sv7HY1gn44.jpg'),
(1760882, 'Namju Go', '/7IDDPUlQYYmXlaID0weRoBt2x7c.jpg'),
(1760884, 'Mina Kweon', '/zCxIx8wHHlEjs9YwVNJsgcTc805.jpg'),
(1760888, 'Verity Hewlett', '/9iaOikZrerWBkJPWC0vmevqMwlT.jpg'),
(1760890, 'Michael Matovski', '/CQmhaDZkGYyrmtBF0zyr7sRXHj.jpg'),
(1760891, 'Riccardo Richetta', NULL),
(1760892, 'Constanza Ruff', '/jnSnBIvVnM6bjNcvFbUyoe7GXC1.jpg'),
(1760893, 'Monty Mclaren-Clark', '/pL2WAoWXCdFI3CWQbYNoRERAcOx.jpg'),
(1760899, 'Ian Kay', '/vPNsIjcFhf9I7UfKxxBfT7rmVU6.jpg'),
(1760900, 'Jaiden Stafford', '/hYvxZmrJg3nPgo4hc1MptvQwwvi.jpg'),
(1767250, 'Ariana Greenblatt', '/8xrCTYP8PuHixWzkiX6onJNfw8k.jpg'),
(1772613, 'Calvin Brown', NULL),
(1773397, 'Danny Ramirez', '/1CMMfxwMYOme8AOrl4kZS12nJpM.jpg'),
(1774338, 'Randall Yarbrough', '/rZu3BN06nJbYeKov4KC5i748YAX.jpg'),
(1776385, 'Solly Assa', NULL),
(1779511, 'Laughton Parchment', '/1og55oRmAL4e1JfpaPyd8y0qqtJ.jpg'),
(1779512, 'Jackson Spidell', '/7cozKHcmO4MOOViAMqE4FXd0Bmf.jpg'),
(1779513, 'Yi Long', '/mcnCUAmg0gAKTbh4ZuHB7eJCr9v.jpg'),
(1779514, 'Cale Schultz', '/fjbYJtD0Ci2k7ImRgcKpNBbiruM.jpg'),
(1779516, 'Joshua Peck', NULL),
(1779517, 'Be Satrazemis', '/qAcxGMfaApf3PEWvKBswFezkrNq.jpg'),
(1779519, 'Rafael Banasik', '/unOrgyMnHJFwGFrpkQT5c2YxciO.jpg'),
(1779521, 'Katie Amess', '/cKr6oQccrGZV1OM62TX5JSH7Kpy.jpg'),
(1779522, 'Austin Sanders', NULL),
(1779523, 'Matthew Anderson', NULL),
(1779524, 'Andrew Botchwey', NULL),
(1779525, 'Chase Bradfield', NULL),
(1779526, 'Ernest Charles', NULL),
(1779527, 'Hendricks Coates', NULL),
(1779528, 'Ethan Condon', NULL),
(1779529, 'Shen Dynes', NULL),
(1779530, 'Nathaniel Ellis', NULL),
(1779531, 'Jariah Ferguson', NULL),
(1779532, 'Evan Ffrench', NULL),
(1779533, 'Justin Freeman', NULL),
(1779534, 'Ralphael Grand\'Pierre', NULL),
(1779535, 'Julian Grimes', NULL),
(1779536, 'Aaron Hayes', NULL),
(1779537, 'Austin Hooper', NULL),
(1779538, 'Amiri Jones', NULL),
(1779539, 'Myles Joseph', NULL),
(1779540, 'Stephen Lewis', NULL),
(1779541, 'Jacob Ludwick', NULL),
(1779542, 'D\'Mahrei McRae', NULL),
(1779543, 'Ashwin Mudaliar', NULL),
(1779544, 'Eli Ollinger', NULL),
(1779545, 'Parker Pape', '/yQcQrqiqEOoSrbcdHtwWRAj8dgB.jpg'),
(1779546, 'Daniel Parada', NULL),
(1779547, 'Jonah Ruffin', NULL),
(1779548, 'Darryl Sampson', NULL),
(1779549, 'Cameron Sardone', NULL),
(1779550, 'Stanley Sellers', NULL),
(1779551, 'Miles Selles', NULL),
(1779552, 'Jacob Sung', NULL),
(1779554, 'Caden Wilkinson', NULL),
(1779562, 'Jessica Walther-Gabory', '/5EXejusDSatvYdqcmLSzud7hSdE.jpg'),
(1779563, 'Beniamino Brogi', '/cafPiOS3JEZSX8hR0bJLJbbMYn2.jpg'),
(1779564, 'Henry Amadi', NULL),
(1779565, 'Ugochukwu Ani', NULL),
(1779567, 'Michael Anthony Rogers', NULL),
(1779569, 'David E. Brown', NULL),
(1779570, 'Sophia Russo', NULL),
(1779572, 'Kevin LaRosa Jr.', NULL),
(1787408, 'James Siderits', '/aFafHQ8w3AalIeejJ0E9JBt4qGv.jpg'),
(1788486, 'John D. Hickman', '/um4ptUtpUBZoHTZlr1EaCdJRoH2.jpg'),
(1800792, 'Wu Yue', '/hRePA3mh9mfAqX7SJ4rGxrNrxT7.jpg'),
(1824653, 'Antony', NULL),
(1832129, 'Susan Fitzker', NULL),
(1832131, 'Tiffany Lauren Bennicke', '/xI0lDuqDfWXKzuCMUX4MNvWKJQZ.jpg'),
(1832132, 'Coco Soren', NULL),
(1836598, 'Jon Olson', '/crkYY5wcjoDn04BFlkF5WiR3d1A.jpg'),
(1842225, 'Corey Weber', '/qanEVgAdaoxyUaC7xhZ6YoKAgMO.jpg'),
(1844431, 'Eli Kent', '/1jI82QoDcyr0VFZT7TICnBSq8xp.jpg'),
(1849452, 'Tony Christian', '/vQNmZWh5msxjOYbSn5ZkPVajfgF.jpg'),
(1851154, 'Hye Jin Jang', '/k4avZ76dgmPuc8vvK3O8pPsyYyr.jpg'),
(1886250, 'Bernd Hölscher', '/9EqV6DKyHaEsZd1GdDeH93K3cU.jpg'),
(1886252, 'Annina Polivka', '/jBHm1SDTiO9ho3Hsgiw9L493wID.jpg'),
(1895760, 'Jack Champion', '/8PXFKzhjFJ0oYP60Bj1kA44XBjY.jpg'),
(1922502, 'Aditi Balan', '/g9eYQwx69tNGNNoqoubREEi05Br.jpg'),
(1924769, 'Cade Woodward', '/6tXfrNe9ilHeAby6Eg5tNvq5MGY.jpg'),
(1932865, 'David Weiss', NULL),
(1936126, 'Edward Sonnenblick', '/8RAG0dhQp1L50zMpP0sh1rLP3tf.jpg'),
(1962256, 'Evan Kole', '/rMnLtyrejtHVn0k6ezdv3Bg2ILN.jpg'),
(1964974, 'Peter Landi', '/oVAcHYiwunMBZbuvi1uIpzFp0Tc.jpg'),
(1979170, 'Marija Abney', '/t7hF4WRqEDMksYPSNRx3fxEN6GY.jpg'),
(1979176, 'Zola Williams', '/j1eJLQQbrfG4EZRFIgNuSsH6A8D.jpg'),
(1979183, 'Marie Mouroum', '/42kktBafPgWXvkrRHVqEglutj1p.jpg'),
(1982553, 'Michael Marcel', '/laeQf5oxunlbUPcfCm15yVSuGSS.jpg'),
(1989352, 'Abigaille Ozrey', NULL),
(1997431, 'Nasir Jama', '/oKYh9SENTC2rhP9HInXHHGkEH1u.jpg'),
(2011373, 'Anthony G Breed', '/1Lo88U26y65B40QBvKVyD2bSve.jpg'),
(2020904, 'Jackson A. Dunn', '/fHUH3GjxwO8yZgeoYKAL4b7b8X4.jpg'),
(2031105, 'Olaniyan Thurmon', '/tdn6j7JOEAVQwy3TF2xuyDulflT.jpg'),
(2033948, 'Eric Feltes', '/e2UrtXSdeMuRUIuRfB3v9hKHQ5P.jpg'),
(2034010, 'Richard Duggan', NULL),
(2038249, 'Katherine Maya', NULL),
(2060825, 'Ruby Acevedo', NULL),
(2066423, 'Rose Lane Sanfilippo', '/9sUQKviM0twznkVYDLN3MP92tU4.jpg'),
(2082669, 'Katie Jackson', '/ypjcaQiVIeTBS6ERImxHaczeZwF.jpg'),
(2089833, 'Ray Henwood', '/u1diUH7XBSWmdYDPZXhUIVhBp5R.jpg'),
(2092820, 'Ramsey Anderson', NULL),
(2092822, 'Justin Carmouche', '/zBINp9QCzrZ3itLW3iHNK0Uvy4L.jpg'),
(2092824, 'Jesse Gallegos', '/pnxXfd84MwKojGsRf6vWtPA9qo5.jpg'),
(2092825, 'Alberto Ocampo', NULL),
(2092829, 'Jeff Rollins', NULL),
(2092831, 'Jordan Salmon', NULL),
(2093618, 'Rex Young', '/5sBqnC1jqHJvpM1CjQaEVajcJxr.jpg'),
(2093619, 'Greg Crooks', '/luujHw7qIGn1hq5DxG7hYkxfgAm.jpg'),
(2105647, 'Laura Miller', '/4Zm3EXy2LMJhtkr6lYsq5XZGtbn.jpg'),
(2110050, 'Alan Humphrey', '/lIjTbjNG60cgRXdm9eNhTJZ1YxC.jpg'),
(2110729, 'Lachelle Chamberlain', NULL),
(2121285, 'Abdool Lee', '/j23g1EIvFNGB3hlbEUbxV2GZwpj.jpg'),
(2125335, 'Daniel Nemes', '/phtSIB7J8LOyr0dl9BZbrhUE9g1.jpg'),
(2148055, 'Liang Zhao', '/bxataXqcrDdWX6g8DLyou98vReg.jpg'),
(2175390, 'London Fuller', '/i8f3yFO82g2KXcl5CZySxcZcwlk.jpg'),
(2219719, 'Emily Ozrey', '/lzsDy3qCZfe71dlNy2O0Yoyogld.jpg'),
(2234460, 'Harrison Osterfield', '/G6yKGtIVqN7CcrXCe3jRQszUKj.jpg'),
(2237164, 'Norman Kali', NULL),
(2243286, 'Priyanka Arul Mohan', '/wlX9ApnzPpMqVVGJ9Iwo5Ie4wyI.jpg'),
(2258733, 'Akira Akbar', '/4h4MsWOx5hFysgycsKfOn1z6DBJ.jpg'),
(2260280, 'Sandy Colton', '/92OEMbFvIOJQ51feWXMDXUeYUoK.jpg'),
(2260935, 'Gary Peebles', '/mSjrV4nWtAWxmFG61zJIsHtbMld.jpg'),
(2265573, 'Otep Shamaya', '/7pyYauN2L5QujhRwCBQMfis1176.jpg'),
(2267293, 'Matt Smith', '/1N0SgdeR88oQUuSBCk4KGvP4AQn.jpg'),
(2267298, 'Evelyn McGee-Colbert', NULL),
(2267299, 'Peter Colbert', NULL),
(2267300, 'John Colbert', NULL),
(2267301, 'Carter Nixon', NULL),
(2267329, 'Ava Russo', '/8Qha8nYcqtjAJJPuh6fcNV5EDJG.jpg'),
(2292713, 'Sharon Blynn', '/eSxVAqi1fmt9wZfgVxiWBGjJJnm.jpg'),
(2292715, 'Azari Akbar', '/2J424EHoWH1RQfAAxFN79FlbTi9.jpg'),
(2293121, 'Barry Curtis', NULL),
(2295305, 'Phoebe Gittins', NULL),
(2296235, 'Lexi Rabe', '/o7AO3YXAFrtQgmP4qG4TGyTlMa6.jpg'),
(2297907, 'Lia Russo', '/mQrsppQ2Tk83AQ31svVa3dNaZRA.jpg'),
(2298443, 'Bazlo LeClair', NULL),
(2298444, 'Loen LeClair', NULL),
(2303123, 'Swayam Siddha', '/xbQVm5YXaqIWhfUB7ommMysMQ2F.jpg'),
(2323834, 'Vinny O\'Brien', '/7N0xG2bvAXtJX4BOr4Djl92T1FI.jpg'),
(2325804, 'Lyonetta Flowers', NULL),
(2325805, 'Rufus Flowers', NULL),
(2325807, 'Auden L. Ophuls', '/jJ6CqPbwg78k3NBlk9Z3QAwVjQs.jpg'),
(2325808, 'Harriet L. Ophuls', '/21hkUZE99Nff7G4PPr2jIPE2cnY.jpg'),
(2356308, 'Bob Dio', NULL),
(2362584, 'Laurean Wagner', '/vT3yazglHz7sdrDqEE43hba6LTc.jpg'),
(2378181, 'Jennifer Elmore', NULL),
(2378189, 'Erica Ribley', '/ocYlBiHFWZahrx6oYxkp13b7Dft.jpg'),
(2378190, 'Jamie Wedel', '/wkrcffIQEVF97C0qzRMO8adQwIL.jpg'),
(2378191, 'Julian Russo', '/gamqqALWSExq0g7Rb49sclfsPNC.jpg'),
(2378192, 'Agostino Rosalina', '/xrOlnZfTXz9ok7L2fhOtQhYfQeh.jpg'),
(2399653, 'Yang Qiru', '/iybUcYG2HlGTygMfCpXQItuGRg2.jpg'),
(2422562, 'Abdurazak Ahmed Adan', NULL),
(2466761, 'Precious Jenkins', '/cL2keIUG314r7Ju0kzEI44SlK8p.jpg'),
(2467593, 'Matthew \'Spider\' Kimmel', '/k2sFueAGJolebw9uumetMLM2lte.jpg'),
(2467594, 'Stephen \'Cajun\' Del Bagno', '/4OyBs3wfIy5lDvA6T23CVyUDUFW.jpg'),
(2485368, 'Khom Lyly', NULL),
(2485369, 'Armani Nguon', NULL),
(2485370, 'Tom Eurt', NULL),
(2485371, 'Savorne Horm', NULL),
(2485373, 'Neng Houy', NULL),
(2485374, 'Rachana', NULL),
(2512339, 'Nivedhithaa Sathish', '/yFn5SxXNaCMRvQJ9awJKR8Z2ET6.jpg'),
(2518232, 'Kelly Sue DeConnick', '/q9VLVEVCRVLyoMqJZL2UJip2228.jpg'),
(2553467, 'Jack Binding', NULL),
(2553471, 'Terry Binding', NULL),
(2578741, 'Charlie Briggs', '/qdS6U0bw9P9bhVFPUSiGDUCiTtJ.jpg'),
(2600643, 'Mervyn Smith', '/qtUc5ArHdvAEiNSRKgabWUY5Apq.jpg'),
(2611449, 'Mikhail Khrabrov', '/fyfoiNzZ2tlO1TLkMfgzaBOBrmU.jpg'),
(2612391, 'Stephen Gledhill', '/lRKScc6PhOnt7l3tN6z6oGc8ciq.jpg'),
(2615185, 'Adam Rebora', '/fXNYg4dGugn7H9GaBhPCWcflD1.jpg'),
(2625494, 'Emma Smith', '/4s4aWLQq21uHvfiX14J7srH1Jyw.jpg'),
(2639204, 'Joey Courteau', '/FzEHZ9OsAz9512oXZvAUpYrmgD.jpg'),
(2668253, 'David B. Meadows', '/6oTOBDETYdm6gYZh664fcYAK8V9.jpg'),
(2705023, 'Timothy O\'Hagan', NULL),
(2735982, 'John Kokken', '/3dIc5cYnlzLYjaZYTOkrTIAg2D1.jpg'),
(2759935, 'Ella Olssen', NULL),
(2762348, 'Randy Schein', '/mM9RlkpN3PZTKnPuiTUwdVzXPfX.jpg'),
(2798404, 'Kristin Quick', NULL),
(2832722, 'Eric Patrick Cameron', '/u5w0wUVEBXS38hjZ4xyxcn4SGMe.jpg'),
(2863121, 'Isaac Miller', NULL),
(2920366, 'Brian Hotter', NULL),
(2924323, 'Olof Johnsson', '/yFkOBVAa6UUZM7qwcqSSkwiV1Rj.jpg'),
(2991107, 'Bobby James', '/jwt4Kivpg5MTfaOlm6pYxGzl8aC.jpg'),
(3029749, 'Nicolás Gentile', NULL),
(3089253, 'Sebastian Grempka', NULL),
(3089254, 'Damien Rabjastajn', NULL),
(3089255, 'Jakub Sierenberg', '/7CnaIw3Nd524h8VpN0qjD9vhnDQ.jpg'),
(3089258, 'Wieslaw Hormanski', NULL),
(3089267, 'Linda Schönherr', '/4NfbX6Jdepq4vylVMRTEPcwljX1.jpg'),
(3152301, 'Kimberly Hester Huffstetler', NULL),
(3199752, 'Saravana Vel', '/cC4vssFZTESrimv5eQ4WgJ7lUCL.jpg'),
(3202311, 'Tanya Wheelock', '/dBeJ1hsc49YpLjQbmhi201btaB6.jpg'),
(3217697, 'Matthew Berry', '/oXUvMtJAFGwqSrUdlzMNRSN6uyI.jpg'),
(3222289, 'Gary Bohn', NULL),
(3299129, 'Zakk Pierce', NULL),
(3327814, 'Aileen Sander', NULL),
(3431534, 'Carolynn Stouder', NULL),
(3456097, 'John Waldon', NULL),
(3469697, 'Donna Winter', NULL),
(3535459, 'Mohamed Ali', NULL),
(3576774, 'Arunodhayan', NULL),
(3668050, 'Issak Farah Samatar', NULL),
(3668053, 'Kapil Arun', NULL),
(3668055, 'Kristian Hjordt Beck', NULL),
(3668056, 'Kurt Larsen', NULL),
(3668057, 'Bader Choukouko', NULL),
(3668058, 'Idurus Shiish', NULL),
(3668061, 'Duran Mohamed Hassan', NULL),
(3668062, 'Kadz Souleiman', NULL),
(3668063, 'Scott Oates', NULL),
(3668064, 'Shad Jason Hamilton', NULL),
(3668065, 'Billy Jenkins', NULL),
(3668066, 'Dean Franchuk', NULL),
(3668067, 'Raleigh Morse', NULL),
(3668068, 'Dale McClellan', NULL),
(3668069, 'Hugh Middleton', NULL),
(3668070, 'Raymond Care', NULL),
(3668071, 'Len Anderson IV', NULL),
(3668077, 'Devon Black', NULL),
(3668078, 'Joshua Brown', NULL),
(3668079, 'Herman Gambhir', NULL),
(3857664, 'Joti Nagra', '/vwXR1ApsMc4HrI154TUr5ho6fX6.jpg'),
(3862704, 'Lucie Carroll', '/7q46DFoGNs0kaUcYryyYwY5ztrZ.jpg'),
(3877635, 'Roger Claude Delaunay', NULL),
(3955051, 'Kristin J. Hooper', '/uIN1aL3EWHymr1JRTryWdrqwHUf.jpg'),
(4012710, 'Asuran Krishna', NULL),
(4087957, 'Takako Matsui', NULL),
(4192672, 'Pat Colby', NULL),
(4255844, 'Humphrey Carpenter', NULL),
(4255852, 'Rayner Unwin', NULL),
(4378305, 'Ashraf Mallissery', NULL),
(4396998, 'Margaret Nash', NULL),
(4442307, 'Lady Cardinal', '/qjJEYEGeNFtnilS4iweOy4ckt1a.jpg'),
(4478739, 'Pintu Pandu', '/tTjyh3cXsDNXZCSXoIBLH5RzJzb.jpg'),
(4492917, 'Abraham Wream', NULL),
(4526534, 'Raj Rishi', NULL),
(4696931, 'Brendan Casey', '/jHBQCpSTInvvA6kez30Uup7qnXi.jpg');

-- --------------------------------------------------------

--
-- Structure de la table `plateforme`
--

DROP TABLE IF EXISTS `plateforme`;
CREATE TABLE IF NOT EXISTS `plateforme` (
  `id` int NOT NULL AUTO_INCREMENT,
  `plateforme` varchar(255) NOT NULL,
  `logo` text CHARACTER SET utf8mb4 COLLATE utf8mb4_0900_ai_ci,
  PRIMARY KEY (`id`)
) ENGINE=InnoDB DEFAULT CHARSET=utf8mb4 COLLATE=utf8mb4_0900_ai_ci;

-- --------------------------------------------------------

--
-- Structure de la table `production`
--

DROP TABLE IF EXISTS `production`;
CREATE TABLE IF NOT EXISTS `production` (
  `id` int NOT NULL AUTO_INCREMENT,
  `nom` varchar(255) CHARACTER SET utf8mb4 COLLATE utf8mb4_0900_ai_ci NOT NULL,
  `logo` text CHARACTER SET utf8mb4 COLLATE utf8mb4_0900_ai_ci,
  PRIMARY KEY (`id`)
) ENGINE=InnoDB AUTO_INCREMENT=220805 DEFAULT CHARSET=utf8mb4 COLLATE=utf8mb4_0900_ai_ci;

--
-- Déchargement des données de la table `production`
--

INSERT INTO `production` (`id`, `nom`, `logo`) VALUES
(5, 'Columbia Pictures', '/71BqEFAF4V3qjjMPCpLuyJFB9A.png'),
(11, 'WingNut Films', '/6FAuASQHybRkZUk08p9PzSs9ezM.png'),
(12, 'New Line Cinema', '/iaYpEp3LQmb8AfAtmTvpqd4149c.png'),
(21, 'Metro-Goldwyn-Mayer', '/usUnaYV6hQnlVAXP6r4HwrlLFPG.png'),
(29, 'Topcraft', '/2ZGkaLO1oVR39zxtQca8iDaU7fR.png'),
(33, 'Universal Pictures', '/8lvHyhjr8oUKOOy2dKXoALWKdp0.png'),
(104, 'Canal+', '/9aotxauvc9685tq9pTcRJszuT06.png'),
(168, 'Jadran Film', '/AmNSNdDaByDpc0bzekWFeYRXDW2.png'),
(174, 'Warner Bros. Pictures', '/zhD3hhtKB5qyv7ZeL4uLpNxgMVU.png'),
(258, 'Scott Rudin Productions', NULL),
(420, 'Marvel Studios', '/hUzeosd33nzE5MCNsZxCGEKTXaQ.png'),
(521, 'DreamWorks Animation', '/kP7t6RwGz2AvvTkvnI1uteEwHet.png'),
(688, 'Rankin/Bass Productions', '/65PkdDSyh6fwXgwg47x73pvgWiW.png'),
(850, 'Eurimages', '/aF7qajGJGtMpdrtvssM9g90YanX.png'),
(1311, 'The Asylum', '/ic2bTizdzRLDVzAvN7MXdUg3WQV.png'),
(1632, 'Lionsgate', '/cisLn1YAUuptXVBa0xjq7ST9cH0.png'),
(2596, 'Jerry Weintraub Productions', NULL),
(3052, 'Troma Entertainment', '/kqP7DC8cUCzDSI5SXiJKJKmQg1K.png'),
(3061, 'Alfama Films', '/gseYJDkfTwGKG6qHbAa4SY9w1UV.png'),
(3464, 'Madhouse', '/9k0nr75nwnNeT2MHerf1OXJN0hj.png'),
(4081, 'LEGO', '/9Q0SyrhQD61wWbz5KJOkL6tu2mg.png'),
(4681, 'Retromedia Entertainment', NULL),
(5798, 'Shaw Brothers', '/tmuI9BGXgpWLmokhlxpnG3IGNQB.png'),
(6477, 'Opus Film', '/tn6i5FOfcfCrYR3zviZVvYdolwu.png'),
(6574, 'Lions Gate Family Entertainment', NULL),
(7297, 'Fairview Entertainment', '/l29JYQVZbTcjZXoz4CUYFpKRmM3.png'),
(7505, 'Marvel Entertainment', '/837VMM4wOkODc1idNxGT0KQJlej.png'),
(7521, 'National Geographic', '/fRqMjLjyAqThtEg9P9WKCXLmCpJ.png'),
(7523, 'Le Big Boss Productions', NULL),
(7524, 'Ballinran Productions', NULL),
(7525, '455 Films', '/47usCASaQHoo0OHVarFhBlY0wz6.png'),
(7626, 'Trigger Street Productions', '/4839MGss4pPAalhqqYH1AD1CnEj.png'),
(8192, 'Lentelefilm', NULL),
(8600, 'Electric City Entertainment', NULL),
(10280, 'Arc Productions', NULL),
(10571, 'Asylum Films', NULL),
(10611, 'Ciné+', '/zQ4fGaEnNkWfSzyygXRcUZwPmDG.png'),
(11370, 'Michael De Luca Productions', NULL),
(11884, 'J.C.STAFF', '/tHzHPSKdmLT5zCdqFbcmHzZvRIc.png'),
(13282, '21st Century Film Corporation', NULL),
(16427, 'Super Good Films', NULL),
(17178, 'Filmgalerie 451', '/eXbcwmrHmVmgmRFPoYZfbLkt884.png'),
(26727, 'Universal Television', '/jeTxdjXhzgKZyLr3l9MllkTn3fy.png'),
(27059, 'Sathya Jyothi Films', '/7UcboVQox12kyfByXhVMgsTLg7b.png'),
(27716, 'YOMIKO Advertising', '/9Pp6m0fRqe86E7MOFaj1ZZiuuL1.png'),
(30246, 'Scholastic Entertainment', NULL),
(33603, 'ShivHans Pictures', '/K1SdQd49Kx3QRx0djfHbzeotCz.png'),
(48424, 'Rembrandt Films', NULL),
(56832, 'Hands-on Producers', NULL),
(62173, 'leomedias', NULL),
(82346, 'Sony Pictures', '/jqgK6CSkPrEsIv6Nk390JaBcXYF.png'),
(88606, 'Vertical Entertainment', '/9NKtkn1QfC6cqXB107nGox1rgqt.png'),
(94774, 'Facing East', NULL),
(101439, 'MLG Productions 2', NULL),
(109878, 'Worst Case Entertainment', NULL),
(110102, 'Animal Planet', NULL),
(160251, 'Marvel Entertainment Group', '/x25ZchdyICzx2v0h4OQQ4yadJ0J.png'),
(176762, 'Kevin Feige Productions', NULL),
(185128, 'SSS Entertainment', '/i2pVwf63MkLe9FOxCUdpzRvV13P.png'),
(213000, 'Marvel Characters', NULL),
(213001, 'MLG Productions 1', NULL),
(213002, 'MLG Productions 5', NULL),
(218861, 'Menahem Golan Productions', NULL);

-- --------------------------------------------------------

--
-- Structure de la table `user`
--

DROP TABLE IF EXISTS `user`;
CREATE TABLE IF NOT EXISTS `user` (
  `id` int NOT NULL AUTO_INCREMENT,
  `email` varchar(255) NOT NULL,
  `pseudo` varchar(255) NOT NULL,
  `password` varchar(255) NOT NULL,
  `is_verified` tinyint(1) NOT NULL,
  `role` varchar(255) NOT NULL DEFAULT 'USER',
  PRIMARY KEY (`id`)
) ENGINE=InnoDB AUTO_INCREMENT=7 DEFAULT CHARSET=utf8mb4 COLLATE=utf8mb4_0900_ai_ci;

--
-- Déchargement des données de la table `user`
--

INSERT INTO `user` (`id`, `email`, `pseudo`, `password`, `is_verified`, `role`) VALUES
(6, 'test@gmail.com', 'test', '$2y$10$PO.YSuXanLCTrAGYcq8FG.DtnmKo6GM8ycPq2oU0ypCNKq8wPbMKa', 0, 'USER');

--
-- Contraintes pour les tables déchargées
--

--
-- Contraintes pour la table `historique_film`
--
ALTER TABLE `historique_film`
  ADD CONSTRAINT `fk_id_film_historique_film` FOREIGN KEY (`id_film`) REFERENCES `film` (`id`) ON DELETE CASCADE ON UPDATE CASCADE;

--
-- Contraintes pour la table `historique_user`
--
ALTER TABLE `historique_user`
  ADD CONSTRAINT `fk_id_film_hioritque_user` FOREIGN KEY (`id_film`) REFERENCES `film` (`id`) ON DELETE CASCADE ON UPDATE CASCADE,
  ADD CONSTRAINT `fk_id_user_historique` FOREIGN KEY (`id_user`) REFERENCES `user` (`id`) ON DELETE CASCADE ON UPDATE CASCADE;

--
-- Contraintes pour la table `join_film_acteur`
--
ALTER TABLE `join_film_acteur`
  ADD CONSTRAINT `fk_id_film` FOREIGN KEY (`id_film`) REFERENCES `film` (`id`) ON DELETE CASCADE ON UPDATE CASCADE,
  ADD CONSTRAINT `join_film_acteur_ibfk_1` FOREIGN KEY (`id_acteur`) REFERENCES `personne` (`id`) ON DELETE CASCADE ON UPDATE CASCADE;

--
-- Contraintes pour la table `join_film_genre`
--
ALTER TABLE `join_film_genre`
  ADD CONSTRAINT `fk_id_film_genre` FOREIGN KEY (`id_film`) REFERENCES `film` (`id`) ON DELETE CASCADE ON UPDATE CASCADE,
  ADD CONSTRAINT `fk_id_genre` FOREIGN KEY (`id_genre`) REFERENCES `genre` (`id`) ON DELETE CASCADE ON UPDATE CASCADE;

--
-- Contraintes pour la table `join_film_langue`
--
ALTER TABLE `join_film_langue`
  ADD CONSTRAINT `fk_id_film_langue` FOREIGN KEY (`id_film`) REFERENCES `film` (`id`) ON DELETE CASCADE ON UPDATE CASCADE,
  ADD CONSTRAINT `fk_id_langue` FOREIGN KEY (`id_langue`) REFERENCES `langue` (`id`) ON DELETE CASCADE ON UPDATE CASCADE;

--
-- Contraintes pour la table `join_film_pays`
--
ALTER TABLE `join_film_pays`
  ADD CONSTRAINT `fk_id_film_pays` FOREIGN KEY (`id_film`) REFERENCES `film` (`id`) ON DELETE CASCADE ON UPDATE CASCADE,
  ADD CONSTRAINT `fk_id_pays` FOREIGN KEY (`id_pays`) REFERENCES `pays` (`iso`) ON DELETE CASCADE ON UPDATE CASCADE;

--
-- Contraintes pour la table `join_film_plateforme`
--
ALTER TABLE `join_film_plateforme`
  ADD CONSTRAINT `fk_id_film_plateforme` FOREIGN KEY (`id_film`) REFERENCES `film` (`id`) ON DELETE CASCADE ON UPDATE CASCADE,
  ADD CONSTRAINT `fk_id_plateforme` FOREIGN KEY (`id_plateforme`) REFERENCES `plateforme` (`id`) ON DELETE CASCADE ON UPDATE CASCADE;

--
-- Contraintes pour la table `join_film_production`
--
ALTER TABLE `join_film_production`
  ADD CONSTRAINT `fk_id_film_production` FOREIGN KEY (`id_film`) REFERENCES `film` (`id`) ON DELETE CASCADE ON UPDATE CASCADE,
  ADD CONSTRAINT `fk_id_production` FOREIGN KEY (`id_production`) REFERENCES `production` (`id`) ON DELETE CASCADE ON UPDATE CASCADE,
  ADD CONSTRAINT `join_film_production_ibfk_1` FOREIGN KEY (`id_production`) REFERENCES `production` (`id`) ON DELETE CASCADE ON UPDATE CASCADE;

--
-- Contraintes pour la table `join_film_realisateur`
--
ALTER TABLE `join_film_realisateur`
  ADD CONSTRAINT `fk_id_film_realisateur` FOREIGN KEY (`id_film`) REFERENCES `film` (`id`) ON DELETE CASCADE ON UPDATE CASCADE,
  ADD CONSTRAINT `fk_id_realisateur` FOREIGN KEY (`id_realisateur`) REFERENCES `personne` (`id`) ON DELETE CASCADE ON UPDATE CASCADE;
COMMIT;

/*!40101 SET CHARACTER_SET_CLIENT=@OLD_CHARACTER_SET_CLIENT */;
/*!40101 SET CHARACTER_SET_RESULTS=@OLD_CHARACTER_SET_RESULTS */;
/*!40101 SET COLLATION_CONNECTION=@OLD_COLLATION_CONNECTION */;
